Copyright 1986-2022 Xilinx, Inc. All Rights Reserved.
--------------------------------------------------------------------------------------------------------------------------------------------------------------------------------------
| Tool Version : Vivado v.2022.1 (lin64) Build 3526262 Mon Apr 18 15:47:01 MDT 2022
| Date         : Wed Jul  2 11:12:09 2025
| Host         : us running 64-bit Ubuntu 20.04.6 LTS
| Command      : report_methodology -file design_1_wrapper_methodology_drc_routed.rpt -pb design_1_wrapper_methodology_drc_routed.pb -rpx design_1_wrapper_methodology_drc_routed.rpx
| Design       : design_1_wrapper
| Device       : xc7a200tfbg484-1
| Speed File   : -1
| Design State : Fully Routed
--------------------------------------------------------------------------------------------------------------------------------------------------------------------------------------

Report Methodology

Table of Contents
-----------------
1. REPORT SUMMARY
2. REPORT DETAILS

1. REPORT SUMMARY
-----------------
            Netlist: netlist
          Floorplan: design_1
      Design limits: <entire design considered>
             Max violations: <unlimited>
             Violations found: 1030
+-----------+------------------+-------------------------------------------------+------------+
| Rule      | Severity         | Description                                     | Violations |
+-----------+------------------+-------------------------------------------------+------------+
| TIMING-17 | Critical Warning | Non-clocked sequential cell                     | 1000       |
| TIMING-27 | Critical Warning | Invalid primary clock on hierarchical pin       | 1          |
| LUTAR-1   | Warning          | LUT drives async reset alert                    | 11         |
| PDRC-190  | Warning          | Suboptimally placed synchronized register chain | 10         |
| TIMING-20 | Warning          | Non-clocked latch                               | 6          |
| ULMTCS-1  | Warning          | Control Sets use limits recommend reduction     | 1          |
| LATCH-1   | Advisory         | Existing latches in the design                  | 1          |
+-----------+------------------+-------------------------------------------------+------------+

2. REPORT DETAILS
-----------------
TIMING-17#1 Critical Warning
Non-clocked sequential cell  
The clock pin design_1_i/okt_top_0/inst/cu_inst/cmd_EP/ep_datahold_reg[0]/C is not reached by a timing clock
Related violations: <none>

TIMING-17#2 Critical Warning
Non-clocked sequential cell  
The clock pin design_1_i/okt_top_0/inst/cu_inst/cmd_EP/ep_datahold_reg[1]/C is not reached by a timing clock
Related violations: <none>

TIMING-17#3 Critical Warning
Non-clocked sequential cell  
The clock pin design_1_i/okt_top_0/inst/cu_inst/cmd_EP/ep_datahold_reg[2]/C is not reached by a timing clock
Related violations: <none>

TIMING-17#4 Critical Warning
Non-clocked sequential cell  
The clock pin design_1_i/okt_top_0/inst/cu_inst/cmd_EP/ep_datahold_reg[3]/C is not reached by a timing clock
Related violations: <none>

TIMING-17#5 Critical Warning
Non-clocked sequential cell  
The clock pin design_1_i/okt_top_0/inst/cu_inst/cmd_EP/ep_datahold_reg[4]/C is not reached by a timing clock
Related violations: <none>

TIMING-17#6 Critical Warning
Non-clocked sequential cell  
The clock pin design_1_i/okt_top_0/inst/cu_inst/cmd_EP/ep_datahold_reg[5]/C is not reached by a timing clock
Related violations: <none>

TIMING-17#7 Critical Warning
Non-clocked sequential cell  
The clock pin design_1_i/okt_top_0/inst/cu_inst/cmd_EP/ep_dataout_reg[0]/C is not reached by a timing clock
Related violations: <none>

TIMING-17#8 Critical Warning
Non-clocked sequential cell  
The clock pin design_1_i/okt_top_0/inst/cu_inst/cmd_EP/ep_dataout_reg[1]/C is not reached by a timing clock
Related violations: <none>

TIMING-17#9 Critical Warning
Non-clocked sequential cell  
The clock pin design_1_i/okt_top_0/inst/cu_inst/cmd_EP/ep_dataout_reg[2]/C is not reached by a timing clock
Related violations: <none>

TIMING-17#10 Critical Warning
Non-clocked sequential cell  
The clock pin design_1_i/okt_top_0/inst/cu_inst/cmd_EP/ep_dataout_reg[3]/C is not reached by a timing clock
Related violations: <none>

TIMING-17#11 Critical Warning
Non-clocked sequential cell  
The clock pin design_1_i/okt_top_0/inst/cu_inst/cmd_EP/ep_dataout_reg[4]/C is not reached by a timing clock
Related violations: <none>

TIMING-17#12 Critical Warning
Non-clocked sequential cell  
The clock pin design_1_i/okt_top_0/inst/cu_inst/cmd_EP/ep_dataout_reg[5]/C is not reached by a timing clock
Related violations: <none>

TIMING-17#13 Critical Warning
Non-clocked sequential cell  
The clock pin design_1_i/okt_top_0/inst/cu_inst/config_EP/ep_datahold_reg[0]/C is not reached by a timing clock
Related violations: <none>

TIMING-17#14 Critical Warning
Non-clocked sequential cell  
The clock pin design_1_i/okt_top_0/inst/cu_inst/config_EP/ep_datahold_reg[10]/C is not reached by a timing clock
Related violations: <none>

TIMING-17#15 Critical Warning
Non-clocked sequential cell  
The clock pin design_1_i/okt_top_0/inst/cu_inst/config_EP/ep_datahold_reg[11]/C is not reached by a timing clock
Related violations: <none>

TIMING-17#16 Critical Warning
Non-clocked sequential cell  
The clock pin design_1_i/okt_top_0/inst/cu_inst/config_EP/ep_datahold_reg[12]/C is not reached by a timing clock
Related violations: <none>

TIMING-17#17 Critical Warning
Non-clocked sequential cell  
The clock pin design_1_i/okt_top_0/inst/cu_inst/config_EP/ep_datahold_reg[13]/C is not reached by a timing clock
Related violations: <none>

TIMING-17#18 Critical Warning
Non-clocked sequential cell  
The clock pin design_1_i/okt_top_0/inst/cu_inst/config_EP/ep_datahold_reg[14]/C is not reached by a timing clock
Related violations: <none>

TIMING-17#19 Critical Warning
Non-clocked sequential cell  
The clock pin design_1_i/okt_top_0/inst/cu_inst/config_EP/ep_datahold_reg[15]/C is not reached by a timing clock
Related violations: <none>

TIMING-17#20 Critical Warning
Non-clocked sequential cell  
The clock pin design_1_i/okt_top_0/inst/cu_inst/config_EP/ep_datahold_reg[16]/C is not reached by a timing clock
Related violations: <none>

TIMING-17#21 Critical Warning
Non-clocked sequential cell  
The clock pin design_1_i/okt_top_0/inst/cu_inst/config_EP/ep_datahold_reg[17]/C is not reached by a timing clock
Related violations: <none>

TIMING-17#22 Critical Warning
Non-clocked sequential cell  
The clock pin design_1_i/okt_top_0/inst/cu_inst/config_EP/ep_datahold_reg[18]/C is not reached by a timing clock
Related violations: <none>

TIMING-17#23 Critical Warning
Non-clocked sequential cell  
The clock pin design_1_i/okt_top_0/inst/cu_inst/config_EP/ep_datahold_reg[19]/C is not reached by a timing clock
Related violations: <none>

TIMING-17#24 Critical Warning
Non-clocked sequential cell  
The clock pin design_1_i/okt_top_0/inst/cu_inst/config_EP/ep_datahold_reg[1]/C is not reached by a timing clock
Related violations: <none>

TIMING-17#25 Critical Warning
Non-clocked sequential cell  
The clock pin design_1_i/okt_top_0/inst/cu_inst/config_EP/ep_datahold_reg[20]/C is not reached by a timing clock
Related violations: <none>

TIMING-17#26 Critical Warning
Non-clocked sequential cell  
The clock pin design_1_i/okt_top_0/inst/cu_inst/config_EP/ep_datahold_reg[21]/C is not reached by a timing clock
Related violations: <none>

TIMING-17#27 Critical Warning
Non-clocked sequential cell  
The clock pin design_1_i/okt_top_0/inst/cu_inst/config_EP/ep_datahold_reg[22]/C is not reached by a timing clock
Related violations: <none>

TIMING-17#28 Critical Warning
Non-clocked sequential cell  
The clock pin design_1_i/okt_top_0/inst/cu_inst/config_EP/ep_datahold_reg[23]/C is not reached by a timing clock
Related violations: <none>

TIMING-17#29 Critical Warning
Non-clocked sequential cell  
The clock pin design_1_i/okt_top_0/inst/cu_inst/config_EP/ep_datahold_reg[24]/C is not reached by a timing clock
Related violations: <none>

TIMING-17#30 Critical Warning
Non-clocked sequential cell  
The clock pin design_1_i/okt_top_0/inst/cu_inst/config_EP/ep_datahold_reg[25]/C is not reached by a timing clock
Related violations: <none>

TIMING-17#31 Critical Warning
Non-clocked sequential cell  
The clock pin design_1_i/okt_top_0/inst/cu_inst/config_EP/ep_datahold_reg[26]/C is not reached by a timing clock
Related violations: <none>

TIMING-17#32 Critical Warning
Non-clocked sequential cell  
The clock pin design_1_i/okt_top_0/inst/cu_inst/config_EP/ep_datahold_reg[27]/C is not reached by a timing clock
Related violations: <none>

TIMING-17#33 Critical Warning
Non-clocked sequential cell  
The clock pin design_1_i/okt_top_0/inst/cu_inst/config_EP/ep_datahold_reg[28]/C is not reached by a timing clock
Related violations: <none>

TIMING-17#34 Critical Warning
Non-clocked sequential cell  
The clock pin design_1_i/okt_top_0/inst/cu_inst/config_EP/ep_datahold_reg[29]/C is not reached by a timing clock
Related violations: <none>

TIMING-17#35 Critical Warning
Non-clocked sequential cell  
The clock pin design_1_i/okt_top_0/inst/cu_inst/config_EP/ep_datahold_reg[2]/C is not reached by a timing clock
Related violations: <none>

TIMING-17#36 Critical Warning
Non-clocked sequential cell  
The clock pin design_1_i/okt_top_0/inst/cu_inst/config_EP/ep_datahold_reg[30]/C is not reached by a timing clock
Related violations: <none>

TIMING-17#37 Critical Warning
Non-clocked sequential cell  
The clock pin design_1_i/okt_top_0/inst/cu_inst/config_EP/ep_datahold_reg[31]/C is not reached by a timing clock
Related violations: <none>

TIMING-17#38 Critical Warning
Non-clocked sequential cell  
The clock pin design_1_i/okt_top_0/inst/cu_inst/config_EP/ep_datahold_reg[3]/C is not reached by a timing clock
Related violations: <none>

TIMING-17#39 Critical Warning
Non-clocked sequential cell  
The clock pin design_1_i/okt_top_0/inst/cu_inst/config_EP/ep_datahold_reg[4]/C is not reached by a timing clock
Related violations: <none>

TIMING-17#40 Critical Warning
Non-clocked sequential cell  
The clock pin design_1_i/okt_top_0/inst/cu_inst/config_EP/ep_datahold_reg[5]/C is not reached by a timing clock
Related violations: <none>

TIMING-17#41 Critical Warning
Non-clocked sequential cell  
The clock pin design_1_i/okt_top_0/inst/cu_inst/config_EP/ep_datahold_reg[6]/C is not reached by a timing clock
Related violations: <none>

TIMING-17#42 Critical Warning
Non-clocked sequential cell  
The clock pin design_1_i/okt_top_0/inst/cu_inst/config_EP/ep_datahold_reg[7]/C is not reached by a timing clock
Related violations: <none>

TIMING-17#43 Critical Warning
Non-clocked sequential cell  
The clock pin design_1_i/okt_top_0/inst/cu_inst/config_EP/ep_datahold_reg[8]/C is not reached by a timing clock
Related violations: <none>

TIMING-17#44 Critical Warning
Non-clocked sequential cell  
The clock pin design_1_i/okt_top_0/inst/cu_inst/config_EP/ep_datahold_reg[9]/C is not reached by a timing clock
Related violations: <none>

TIMING-17#45 Critical Warning
Non-clocked sequential cell  
The clock pin design_1_i/okt_top_0/inst/cu_inst/config_EP/ep_dataout_reg[0]/C is not reached by a timing clock
Related violations: <none>

TIMING-17#46 Critical Warning
Non-clocked sequential cell  
The clock pin design_1_i/okt_top_0/inst/cu_inst/config_EP/ep_dataout_reg[10]/C is not reached by a timing clock
Related violations: <none>

TIMING-17#47 Critical Warning
Non-clocked sequential cell  
The clock pin design_1_i/okt_top_0/inst/cu_inst/config_EP/ep_dataout_reg[11]/C is not reached by a timing clock
Related violations: <none>

TIMING-17#48 Critical Warning
Non-clocked sequential cell  
The clock pin design_1_i/okt_top_0/inst/cu_inst/config_EP/ep_dataout_reg[12]/C is not reached by a timing clock
Related violations: <none>

TIMING-17#49 Critical Warning
Non-clocked sequential cell  
The clock pin design_1_i/okt_top_0/inst/cu_inst/config_EP/ep_dataout_reg[13]/C is not reached by a timing clock
Related violations: <none>

TIMING-17#50 Critical Warning
Non-clocked sequential cell  
The clock pin design_1_i/okt_top_0/inst/cu_inst/config_EP/ep_dataout_reg[14]/C is not reached by a timing clock
Related violations: <none>

TIMING-17#51 Critical Warning
Non-clocked sequential cell  
The clock pin design_1_i/okt_top_0/inst/cu_inst/config_EP/ep_dataout_reg[15]/C is not reached by a timing clock
Related violations: <none>

TIMING-17#52 Critical Warning
Non-clocked sequential cell  
The clock pin design_1_i/okt_top_0/inst/cu_inst/config_EP/ep_dataout_reg[16]/C is not reached by a timing clock
Related violations: <none>

TIMING-17#53 Critical Warning
Non-clocked sequential cell  
The clock pin design_1_i/okt_top_0/inst/cu_inst/config_EP/ep_dataout_reg[17]/C is not reached by a timing clock
Related violations: <none>

TIMING-17#54 Critical Warning
Non-clocked sequential cell  
The clock pin design_1_i/okt_top_0/inst/cu_inst/config_EP/ep_dataout_reg[18]/C is not reached by a timing clock
Related violations: <none>

TIMING-17#55 Critical Warning
Non-clocked sequential cell  
The clock pin design_1_i/okt_top_0/inst/cu_inst/config_EP/ep_dataout_reg[19]/C is not reached by a timing clock
Related violations: <none>

TIMING-17#56 Critical Warning
Non-clocked sequential cell  
The clock pin design_1_i/okt_top_0/inst/cu_inst/config_EP/ep_dataout_reg[1]/C is not reached by a timing clock
Related violations: <none>

TIMING-17#57 Critical Warning
Non-clocked sequential cell  
The clock pin design_1_i/okt_top_0/inst/cu_inst/config_EP/ep_dataout_reg[20]/C is not reached by a timing clock
Related violations: <none>

TIMING-17#58 Critical Warning
Non-clocked sequential cell  
The clock pin design_1_i/okt_top_0/inst/cu_inst/config_EP/ep_dataout_reg[21]/C is not reached by a timing clock
Related violations: <none>

TIMING-17#59 Critical Warning
Non-clocked sequential cell  
The clock pin design_1_i/okt_top_0/inst/cu_inst/config_EP/ep_dataout_reg[22]/C is not reached by a timing clock
Related violations: <none>

TIMING-17#60 Critical Warning
Non-clocked sequential cell  
The clock pin design_1_i/okt_top_0/inst/cu_inst/config_EP/ep_dataout_reg[23]/C is not reached by a timing clock
Related violations: <none>

TIMING-17#61 Critical Warning
Non-clocked sequential cell  
The clock pin design_1_i/okt_top_0/inst/cu_inst/config_EP/ep_dataout_reg[24]/C is not reached by a timing clock
Related violations: <none>

TIMING-17#62 Critical Warning
Non-clocked sequential cell  
The clock pin design_1_i/okt_top_0/inst/cu_inst/config_EP/ep_dataout_reg[25]/C is not reached by a timing clock
Related violations: <none>

TIMING-17#63 Critical Warning
Non-clocked sequential cell  
The clock pin design_1_i/okt_top_0/inst/cu_inst/config_EP/ep_dataout_reg[26]/C is not reached by a timing clock
Related violations: <none>

TIMING-17#64 Critical Warning
Non-clocked sequential cell  
The clock pin design_1_i/okt_top_0/inst/cu_inst/config_EP/ep_dataout_reg[27]/C is not reached by a timing clock
Related violations: <none>

TIMING-17#65 Critical Warning
Non-clocked sequential cell  
The clock pin design_1_i/okt_top_0/inst/cu_inst/config_EP/ep_dataout_reg[28]/C is not reached by a timing clock
Related violations: <none>

TIMING-17#66 Critical Warning
Non-clocked sequential cell  
The clock pin design_1_i/okt_top_0/inst/cu_inst/config_EP/ep_dataout_reg[29]/C is not reached by a timing clock
Related violations: <none>

TIMING-17#67 Critical Warning
Non-clocked sequential cell  
The clock pin design_1_i/okt_top_0/inst/cu_inst/config_EP/ep_dataout_reg[2]/C is not reached by a timing clock
Related violations: <none>

TIMING-17#68 Critical Warning
Non-clocked sequential cell  
The clock pin design_1_i/okt_top_0/inst/cu_inst/config_EP/ep_dataout_reg[30]/C is not reached by a timing clock
Related violations: <none>

TIMING-17#69 Critical Warning
Non-clocked sequential cell  
The clock pin design_1_i/okt_top_0/inst/cu_inst/config_EP/ep_dataout_reg[31]/C is not reached by a timing clock
Related violations: <none>

TIMING-17#70 Critical Warning
Non-clocked sequential cell  
The clock pin design_1_i/okt_top_0/inst/cu_inst/config_EP/ep_dataout_reg[3]/C is not reached by a timing clock
Related violations: <none>

TIMING-17#71 Critical Warning
Non-clocked sequential cell  
The clock pin design_1_i/okt_top_0/inst/cu_inst/config_EP/ep_dataout_reg[4]/C is not reached by a timing clock
Related violations: <none>

TIMING-17#72 Critical Warning
Non-clocked sequential cell  
The clock pin design_1_i/okt_top_0/inst/cu_inst/config_EP/ep_dataout_reg[5]/C is not reached by a timing clock
Related violations: <none>

TIMING-17#73 Critical Warning
Non-clocked sequential cell  
The clock pin design_1_i/okt_top_0/inst/cu_inst/config_EP/ep_dataout_reg[6]/C is not reached by a timing clock
Related violations: <none>

TIMING-17#74 Critical Warning
Non-clocked sequential cell  
The clock pin design_1_i/okt_top_0/inst/cu_inst/config_EP/ep_dataout_reg[7]/C is not reached by a timing clock
Related violations: <none>

TIMING-17#75 Critical Warning
Non-clocked sequential cell  
The clock pin design_1_i/okt_top_0/inst/cu_inst/config_EP/ep_dataout_reg[8]/C is not reached by a timing clock
Related violations: <none>

TIMING-17#76 Critical Warning
Non-clocked sequential cell  
The clock pin design_1_i/okt_top_0/inst/cu_inst/config_EP/ep_dataout_reg[9]/C is not reached by a timing clock
Related violations: <none>

TIMING-17#77 Critical Warning
Non-clocked sequential cell  
The clock pin design_1_i/okt_top_0/inst/cu_inst/data_In_EP/ep_dataout_reg[0]/C is not reached by a timing clock
Related violations: <none>

TIMING-17#78 Critical Warning
Non-clocked sequential cell  
The clock pin design_1_i/okt_top_0/inst/cu_inst/data_In_EP/ep_dataout_reg[10]/C is not reached by a timing clock
Related violations: <none>

TIMING-17#79 Critical Warning
Non-clocked sequential cell  
The clock pin design_1_i/okt_top_0/inst/cu_inst/data_In_EP/ep_dataout_reg[11]/C is not reached by a timing clock
Related violations: <none>

TIMING-17#80 Critical Warning
Non-clocked sequential cell  
The clock pin design_1_i/okt_top_0/inst/cu_inst/data_In_EP/ep_dataout_reg[12]/C is not reached by a timing clock
Related violations: <none>

TIMING-17#81 Critical Warning
Non-clocked sequential cell  
The clock pin design_1_i/okt_top_0/inst/cu_inst/data_In_EP/ep_dataout_reg[13]/C is not reached by a timing clock
Related violations: <none>

TIMING-17#82 Critical Warning
Non-clocked sequential cell  
The clock pin design_1_i/okt_top_0/inst/cu_inst/data_In_EP/ep_dataout_reg[14]/C is not reached by a timing clock
Related violations: <none>

TIMING-17#83 Critical Warning
Non-clocked sequential cell  
The clock pin design_1_i/okt_top_0/inst/cu_inst/data_In_EP/ep_dataout_reg[15]/C is not reached by a timing clock
Related violations: <none>

TIMING-17#84 Critical Warning
Non-clocked sequential cell  
The clock pin design_1_i/okt_top_0/inst/cu_inst/data_In_EP/ep_dataout_reg[16]/C is not reached by a timing clock
Related violations: <none>

TIMING-17#85 Critical Warning
Non-clocked sequential cell  
The clock pin design_1_i/okt_top_0/inst/cu_inst/data_In_EP/ep_dataout_reg[17]/C is not reached by a timing clock
Related violations: <none>

TIMING-17#86 Critical Warning
Non-clocked sequential cell  
The clock pin design_1_i/okt_top_0/inst/cu_inst/data_In_EP/ep_dataout_reg[18]/C is not reached by a timing clock
Related violations: <none>

TIMING-17#87 Critical Warning
Non-clocked sequential cell  
The clock pin design_1_i/okt_top_0/inst/cu_inst/data_In_EP/ep_dataout_reg[19]/C is not reached by a timing clock
Related violations: <none>

TIMING-17#88 Critical Warning
Non-clocked sequential cell  
The clock pin design_1_i/okt_top_0/inst/cu_inst/data_In_EP/ep_dataout_reg[1]/C is not reached by a timing clock
Related violations: <none>

TIMING-17#89 Critical Warning
Non-clocked sequential cell  
The clock pin design_1_i/okt_top_0/inst/cu_inst/data_In_EP/ep_dataout_reg[20]/C is not reached by a timing clock
Related violations: <none>

TIMING-17#90 Critical Warning
Non-clocked sequential cell  
The clock pin design_1_i/okt_top_0/inst/cu_inst/data_In_EP/ep_dataout_reg[21]/C is not reached by a timing clock
Related violations: <none>

TIMING-17#91 Critical Warning
Non-clocked sequential cell  
The clock pin design_1_i/okt_top_0/inst/cu_inst/data_In_EP/ep_dataout_reg[22]/C is not reached by a timing clock
Related violations: <none>

TIMING-17#92 Critical Warning
Non-clocked sequential cell  
The clock pin design_1_i/okt_top_0/inst/cu_inst/data_In_EP/ep_dataout_reg[23]/C is not reached by a timing clock
Related violations: <none>

TIMING-17#93 Critical Warning
Non-clocked sequential cell  
The clock pin design_1_i/okt_top_0/inst/cu_inst/data_In_EP/ep_dataout_reg[24]/C is not reached by a timing clock
Related violations: <none>

TIMING-17#94 Critical Warning
Non-clocked sequential cell  
The clock pin design_1_i/okt_top_0/inst/cu_inst/data_In_EP/ep_dataout_reg[25]/C is not reached by a timing clock
Related violations: <none>

TIMING-17#95 Critical Warning
Non-clocked sequential cell  
The clock pin design_1_i/okt_top_0/inst/cu_inst/data_In_EP/ep_dataout_reg[26]/C is not reached by a timing clock
Related violations: <none>

TIMING-17#96 Critical Warning
Non-clocked sequential cell  
The clock pin design_1_i/okt_top_0/inst/cu_inst/data_In_EP/ep_dataout_reg[27]/C is not reached by a timing clock
Related violations: <none>

TIMING-17#97 Critical Warning
Non-clocked sequential cell  
The clock pin design_1_i/okt_top_0/inst/cu_inst/data_In_EP/ep_dataout_reg[28]/C is not reached by a timing clock
Related violations: <none>

TIMING-17#98 Critical Warning
Non-clocked sequential cell  
The clock pin design_1_i/okt_top_0/inst/cu_inst/data_In_EP/ep_dataout_reg[29]/C is not reached by a timing clock
Related violations: <none>

TIMING-17#99 Critical Warning
Non-clocked sequential cell  
The clock pin design_1_i/okt_top_0/inst/cu_inst/data_In_EP/ep_dataout_reg[2]/C is not reached by a timing clock
Related violations: <none>

TIMING-17#100 Critical Warning
Non-clocked sequential cell  
The clock pin design_1_i/okt_top_0/inst/cu_inst/data_In_EP/ep_dataout_reg[30]/C is not reached by a timing clock
Related violations: <none>

TIMING-17#101 Critical Warning
Non-clocked sequential cell  
The clock pin design_1_i/okt_top_0/inst/cu_inst/data_In_EP/ep_dataout_reg[31]/C is not reached by a timing clock
Related violations: <none>

TIMING-17#102 Critical Warning
Non-clocked sequential cell  
The clock pin design_1_i/okt_top_0/inst/cu_inst/data_In_EP/ep_dataout_reg[3]/C is not reached by a timing clock
Related violations: <none>

TIMING-17#103 Critical Warning
Non-clocked sequential cell  
The clock pin design_1_i/okt_top_0/inst/cu_inst/data_In_EP/ep_dataout_reg[4]/C is not reached by a timing clock
Related violations: <none>

TIMING-17#104 Critical Warning
Non-clocked sequential cell  
The clock pin design_1_i/okt_top_0/inst/cu_inst/data_In_EP/ep_dataout_reg[5]/C is not reached by a timing clock
Related violations: <none>

TIMING-17#105 Critical Warning
Non-clocked sequential cell  
The clock pin design_1_i/okt_top_0/inst/cu_inst/data_In_EP/ep_dataout_reg[6]/C is not reached by a timing clock
Related violations: <none>

TIMING-17#106 Critical Warning
Non-clocked sequential cell  
The clock pin design_1_i/okt_top_0/inst/cu_inst/data_In_EP/ep_dataout_reg[7]/C is not reached by a timing clock
Related violations: <none>

TIMING-17#107 Critical Warning
Non-clocked sequential cell  
The clock pin design_1_i/okt_top_0/inst/cu_inst/data_In_EP/ep_dataout_reg[8]/C is not reached by a timing clock
Related violations: <none>

TIMING-17#108 Critical Warning
Non-clocked sequential cell  
The clock pin design_1_i/okt_top_0/inst/cu_inst/data_In_EP/ep_dataout_reg[9]/C is not reached by a timing clock
Related violations: <none>

TIMING-17#109 Critical Warning
Non-clocked sequential cell  
The clock pin design_1_i/okt_top_0/inst/cu_inst/data_In_EP/ep_write_reg/C is not reached by a timing clock
Related violations: <none>

TIMING-17#110 Critical Warning
Non-clocked sequential cell  
The clock pin design_1_i/okt_top_0/inst/cu_inst/okHI/core0/core0/FSM_sequential_l6d7b501652de6ba8ba55082874707b2a_reg[0]/C is not reached by a timing clock
Related violations: <none>

TIMING-17#111 Critical Warning
Non-clocked sequential cell  
The clock pin design_1_i/okt_top_0/inst/cu_inst/okHI/core0/core0/FSM_sequential_l6d7b501652de6ba8ba55082874707b2a_reg[1]/C is not reached by a timing clock
Related violations: <none>

TIMING-17#112 Critical Warning
Non-clocked sequential cell  
The clock pin design_1_i/okt_top_0/inst/cu_inst/okHI/core0/core0/FSM_sequential_l6d7b501652de6ba8ba55082874707b2a_reg[2]/C is not reached by a timing clock
Related violations: <none>

TIMING-17#113 Critical Warning
Non-clocked sequential cell  
The clock pin design_1_i/okt_top_0/inst/cu_inst/okHI/core0/core0/FSM_sequential_l6d7b501652de6ba8ba55082874707b2a_reg[3]/C is not reached by a timing clock
Related violations: <none>

TIMING-17#114 Critical Warning
Non-clocked sequential cell  
The clock pin design_1_i/okt_top_0/inst/cu_inst/okHI/core0/core0/FSM_sequential_l6d7b501652de6ba8ba55082874707b2a_reg[4]/C is not reached by a timing clock
Related violations: <none>

TIMING-17#115 Critical Warning
Non-clocked sequential cell  
The clock pin design_1_i/okt_top_0/inst/cu_inst/okHI/core0/core0/a0/c0/FSM_sequential_l8ff940a6bfc33211f22a7ff95e39fe60_reg[0]/C is not reached by a timing clock
Related violations: <none>

TIMING-17#116 Critical Warning
Non-clocked sequential cell  
The clock pin design_1_i/okt_top_0/inst/cu_inst/okHI/core0/core0/a0/c0/FSM_sequential_l8ff940a6bfc33211f22a7ff95e39fe60_reg[1]/C is not reached by a timing clock
Related violations: <none>

TIMING-17#117 Critical Warning
Non-clocked sequential cell  
The clock pin design_1_i/okt_top_0/inst/cu_inst/okHI/core0/core0/a0/c0/FSM_sequential_l8ff940a6bfc33211f22a7ff95e39fe60_reg[2]/C is not reached by a timing clock
Related violations: <none>

TIMING-17#118 Critical Warning
Non-clocked sequential cell  
The clock pin design_1_i/okt_top_0/inst/cu_inst/okHI/core0/core0/a0/c0/FSM_sequential_l8ff940a6bfc33211f22a7ff95e39fe60_reg[3]/C is not reached by a timing clock
Related violations: <none>

TIMING-17#119 Critical Warning
Non-clocked sequential cell  
The clock pin design_1_i/okt_top_0/inst/cu_inst/okHI/core0/core0/a0/c0/l104b67cf23995095e046619e1546c7e3_reg[0]/C is not reached by a timing clock
Related violations: <none>

TIMING-17#120 Critical Warning
Non-clocked sequential cell  
The clock pin design_1_i/okt_top_0/inst/cu_inst/okHI/core0/core0/a0/c0/l104b67cf23995095e046619e1546c7e3_reg[1]/C is not reached by a timing clock
Related violations: <none>

TIMING-17#121 Critical Warning
Non-clocked sequential cell  
The clock pin design_1_i/okt_top_0/inst/cu_inst/okHI/core0/core0/a0/c0/l104b67cf23995095e046619e1546c7e3_reg[2]/C is not reached by a timing clock
Related violations: <none>

TIMING-17#122 Critical Warning
Non-clocked sequential cell  
The clock pin design_1_i/okt_top_0/inst/cu_inst/okHI/core0/core0/a0/c0/l21f6e2be17bdca003feca37919d5f814_reg/C is not reached by a timing clock
Related violations: <none>

TIMING-17#123 Critical Warning
Non-clocked sequential cell  
The clock pin design_1_i/okt_top_0/inst/cu_inst/okHI/core0/core0/a0/c0/l31f48a6d6eca1dbe451f8f712b6d8e8a_reg/C is not reached by a timing clock
Related violations: <none>

TIMING-17#124 Critical Warning
Non-clocked sequential cell  
The clock pin design_1_i/okt_top_0/inst/cu_inst/okHI/core0/core0/a0/c0/l33bc1e4f884cc5b11364981d675a8f84_reg/C is not reached by a timing clock
Related violations: <none>

TIMING-17#125 Critical Warning
Non-clocked sequential cell  
The clock pin design_1_i/okt_top_0/inst/cu_inst/okHI/core0/core0/a0/c0/l40d23121546d742be520f6ed1146b76b_reg/C is not reached by a timing clock
Related violations: <none>

TIMING-17#126 Critical Warning
Non-clocked sequential cell  
The clock pin design_1_i/okt_top_0/inst/cu_inst/okHI/core0/core0/a0/c0/l40d74558a9789e6c998b44ab9d6b8ab8_reg[0]/C is not reached by a timing clock
Related violations: <none>

TIMING-17#127 Critical Warning
Non-clocked sequential cell  
The clock pin design_1_i/okt_top_0/inst/cu_inst/okHI/core0/core0/a0/c0/l40d74558a9789e6c998b44ab9d6b8ab8_reg[1]/C is not reached by a timing clock
Related violations: <none>

TIMING-17#128 Critical Warning
Non-clocked sequential cell  
The clock pin design_1_i/okt_top_0/inst/cu_inst/okHI/core0/core0/a0/c0/l40d74558a9789e6c998b44ab9d6b8ab8_reg[2]/C is not reached by a timing clock
Related violations: <none>

TIMING-17#129 Critical Warning
Non-clocked sequential cell  
The clock pin design_1_i/okt_top_0/inst/cu_inst/okHI/core0/core0/a0/c0/l40d74558a9789e6c998b44ab9d6b8ab8_reg[3]/C is not reached by a timing clock
Related violations: <none>

TIMING-17#130 Critical Warning
Non-clocked sequential cell  
The clock pin design_1_i/okt_top_0/inst/cu_inst/okHI/core0/core0/a0/c0/l40d74558a9789e6c998b44ab9d6b8ab8_reg[4]/C is not reached by a timing clock
Related violations: <none>

TIMING-17#131 Critical Warning
Non-clocked sequential cell  
The clock pin design_1_i/okt_top_0/inst/cu_inst/okHI/core0/core0/a0/c0/l40d74558a9789e6c998b44ab9d6b8ab8_reg[5]/C is not reached by a timing clock
Related violations: <none>

TIMING-17#132 Critical Warning
Non-clocked sequential cell  
The clock pin design_1_i/okt_top_0/inst/cu_inst/okHI/core0/core0/a0/c0/l53472db4f1497167b278b9d07bb054df_reg[0]/C is not reached by a timing clock
Related violations: <none>

TIMING-17#133 Critical Warning
Non-clocked sequential cell  
The clock pin design_1_i/okt_top_0/inst/cu_inst/okHI/core0/core0/a0/c0/l53472db4f1497167b278b9d07bb054df_reg[1]/C is not reached by a timing clock
Related violations: <none>

TIMING-17#134 Critical Warning
Non-clocked sequential cell  
The clock pin design_1_i/okt_top_0/inst/cu_inst/okHI/core0/core0/a0/c0/l53472db4f1497167b278b9d07bb054df_reg[2]/C is not reached by a timing clock
Related violations: <none>

TIMING-17#135 Critical Warning
Non-clocked sequential cell  
The clock pin design_1_i/okt_top_0/inst/cu_inst/okHI/core0/core0/a0/c0/l84a7b0e1b51dfdd46f041d49e77ce017_reg[0]/C is not reached by a timing clock
Related violations: <none>

TIMING-17#136 Critical Warning
Non-clocked sequential cell  
The clock pin design_1_i/okt_top_0/inst/cu_inst/okHI/core0/core0/a0/c0/l84a7b0e1b51dfdd46f041d49e77ce017_reg[10]/C is not reached by a timing clock
Related violations: <none>

TIMING-17#137 Critical Warning
Non-clocked sequential cell  
The clock pin design_1_i/okt_top_0/inst/cu_inst/okHI/core0/core0/a0/c0/l84a7b0e1b51dfdd46f041d49e77ce017_reg[11]/C is not reached by a timing clock
Related violations: <none>

TIMING-17#138 Critical Warning
Non-clocked sequential cell  
The clock pin design_1_i/okt_top_0/inst/cu_inst/okHI/core0/core0/a0/c0/l84a7b0e1b51dfdd46f041d49e77ce017_reg[12]/C is not reached by a timing clock
Related violations: <none>

TIMING-17#139 Critical Warning
Non-clocked sequential cell  
The clock pin design_1_i/okt_top_0/inst/cu_inst/okHI/core0/core0/a0/c0/l84a7b0e1b51dfdd46f041d49e77ce017_reg[13]/C is not reached by a timing clock
Related violations: <none>

TIMING-17#140 Critical Warning
Non-clocked sequential cell  
The clock pin design_1_i/okt_top_0/inst/cu_inst/okHI/core0/core0/a0/c0/l84a7b0e1b51dfdd46f041d49e77ce017_reg[14]/C is not reached by a timing clock
Related violations: <none>

TIMING-17#141 Critical Warning
Non-clocked sequential cell  
The clock pin design_1_i/okt_top_0/inst/cu_inst/okHI/core0/core0/a0/c0/l84a7b0e1b51dfdd46f041d49e77ce017_reg[15]/C is not reached by a timing clock
Related violations: <none>

TIMING-17#142 Critical Warning
Non-clocked sequential cell  
The clock pin design_1_i/okt_top_0/inst/cu_inst/okHI/core0/core0/a0/c0/l84a7b0e1b51dfdd46f041d49e77ce017_reg[16]/C is not reached by a timing clock
Related violations: <none>

TIMING-17#143 Critical Warning
Non-clocked sequential cell  
The clock pin design_1_i/okt_top_0/inst/cu_inst/okHI/core0/core0/a0/c0/l84a7b0e1b51dfdd46f041d49e77ce017_reg[17]/C is not reached by a timing clock
Related violations: <none>

TIMING-17#144 Critical Warning
Non-clocked sequential cell  
The clock pin design_1_i/okt_top_0/inst/cu_inst/okHI/core0/core0/a0/c0/l84a7b0e1b51dfdd46f041d49e77ce017_reg[18]/C is not reached by a timing clock
Related violations: <none>

TIMING-17#145 Critical Warning
Non-clocked sequential cell  
The clock pin design_1_i/okt_top_0/inst/cu_inst/okHI/core0/core0/a0/c0/l84a7b0e1b51dfdd46f041d49e77ce017_reg[19]/C is not reached by a timing clock
Related violations: <none>

TIMING-17#146 Critical Warning
Non-clocked sequential cell  
The clock pin design_1_i/okt_top_0/inst/cu_inst/okHI/core0/core0/a0/c0/l84a7b0e1b51dfdd46f041d49e77ce017_reg[1]/C is not reached by a timing clock
Related violations: <none>

TIMING-17#147 Critical Warning
Non-clocked sequential cell  
The clock pin design_1_i/okt_top_0/inst/cu_inst/okHI/core0/core0/a0/c0/l84a7b0e1b51dfdd46f041d49e77ce017_reg[20]/C is not reached by a timing clock
Related violations: <none>

TIMING-17#148 Critical Warning
Non-clocked sequential cell  
The clock pin design_1_i/okt_top_0/inst/cu_inst/okHI/core0/core0/a0/c0/l84a7b0e1b51dfdd46f041d49e77ce017_reg[21]/C is not reached by a timing clock
Related violations: <none>

TIMING-17#149 Critical Warning
Non-clocked sequential cell  
The clock pin design_1_i/okt_top_0/inst/cu_inst/okHI/core0/core0/a0/c0/l84a7b0e1b51dfdd46f041d49e77ce017_reg[22]/C is not reached by a timing clock
Related violations: <none>

TIMING-17#150 Critical Warning
Non-clocked sequential cell  
The clock pin design_1_i/okt_top_0/inst/cu_inst/okHI/core0/core0/a0/c0/l84a7b0e1b51dfdd46f041d49e77ce017_reg[23]/C is not reached by a timing clock
Related violations: <none>

TIMING-17#151 Critical Warning
Non-clocked sequential cell  
The clock pin design_1_i/okt_top_0/inst/cu_inst/okHI/core0/core0/a0/c0/l84a7b0e1b51dfdd46f041d49e77ce017_reg[2]/C is not reached by a timing clock
Related violations: <none>

TIMING-17#152 Critical Warning
Non-clocked sequential cell  
The clock pin design_1_i/okt_top_0/inst/cu_inst/okHI/core0/core0/a0/c0/l84a7b0e1b51dfdd46f041d49e77ce017_reg[3]/C is not reached by a timing clock
Related violations: <none>

TIMING-17#153 Critical Warning
Non-clocked sequential cell  
The clock pin design_1_i/okt_top_0/inst/cu_inst/okHI/core0/core0/a0/c0/l84a7b0e1b51dfdd46f041d49e77ce017_reg[4]/C is not reached by a timing clock
Related violations: <none>

TIMING-17#154 Critical Warning
Non-clocked sequential cell  
The clock pin design_1_i/okt_top_0/inst/cu_inst/okHI/core0/core0/a0/c0/l84a7b0e1b51dfdd46f041d49e77ce017_reg[5]/C is not reached by a timing clock
Related violations: <none>

TIMING-17#155 Critical Warning
Non-clocked sequential cell  
The clock pin design_1_i/okt_top_0/inst/cu_inst/okHI/core0/core0/a0/c0/l84a7b0e1b51dfdd46f041d49e77ce017_reg[6]/C is not reached by a timing clock
Related violations: <none>

TIMING-17#156 Critical Warning
Non-clocked sequential cell  
The clock pin design_1_i/okt_top_0/inst/cu_inst/okHI/core0/core0/a0/c0/l84a7b0e1b51dfdd46f041d49e77ce017_reg[7]/C is not reached by a timing clock
Related violations: <none>

TIMING-17#157 Critical Warning
Non-clocked sequential cell  
The clock pin design_1_i/okt_top_0/inst/cu_inst/okHI/core0/core0/a0/c0/l84a7b0e1b51dfdd46f041d49e77ce017_reg[8]/C is not reached by a timing clock
Related violations: <none>

TIMING-17#158 Critical Warning
Non-clocked sequential cell  
The clock pin design_1_i/okt_top_0/inst/cu_inst/okHI/core0/core0/a0/c0/l84a7b0e1b51dfdd46f041d49e77ce017_reg[9]/C is not reached by a timing clock
Related violations: <none>

TIMING-17#159 Critical Warning
Non-clocked sequential cell  
The clock pin design_1_i/okt_top_0/inst/cu_inst/okHI/core0/core0/a0/c0/l881f06f4ab52febaa9fc6c72100ce702_reg/C is not reached by a timing clock
Related violations: <none>

TIMING-17#160 Critical Warning
Non-clocked sequential cell  
The clock pin design_1_i/okt_top_0/inst/cu_inst/okHI/core0/core0/a0/c0/l92ae5a5037b0cc87c9562f3e505d14cf_reg[0]/C is not reached by a timing clock
Related violations: <none>

TIMING-17#161 Critical Warning
Non-clocked sequential cell  
The clock pin design_1_i/okt_top_0/inst/cu_inst/okHI/core0/core0/a0/c0/l92ae5a5037b0cc87c9562f3e505d14cf_reg[1]/C is not reached by a timing clock
Related violations: <none>

TIMING-17#162 Critical Warning
Non-clocked sequential cell  
The clock pin design_1_i/okt_top_0/inst/cu_inst/okHI/core0/core0/a0/c0/l92ae5a5037b0cc87c9562f3e505d14cf_reg[2]/C is not reached by a timing clock
Related violations: <none>

TIMING-17#163 Critical Warning
Non-clocked sequential cell  
The clock pin design_1_i/okt_top_0/inst/cu_inst/okHI/core0/core0/a0/c0/l92ae5a5037b0cc87c9562f3e505d14cf_reg[3]/C is not reached by a timing clock
Related violations: <none>

TIMING-17#164 Critical Warning
Non-clocked sequential cell  
The clock pin design_1_i/okt_top_0/inst/cu_inst/okHI/core0/core0/a0/c0/l92ae5a5037b0cc87c9562f3e505d14cf_reg[4]/C is not reached by a timing clock
Related violations: <none>

TIMING-17#165 Critical Warning
Non-clocked sequential cell  
The clock pin design_1_i/okt_top_0/inst/cu_inst/okHI/core0/core0/a0/c0/l92ae5a5037b0cc87c9562f3e505d14cf_reg[5]/C is not reached by a timing clock
Related violations: <none>

TIMING-17#166 Critical Warning
Non-clocked sequential cell  
The clock pin design_1_i/okt_top_0/inst/cu_inst/okHI/core0/core0/a0/c0/l92ae5a5037b0cc87c9562f3e505d14cf_reg[6]/C is not reached by a timing clock
Related violations: <none>

TIMING-17#167 Critical Warning
Non-clocked sequential cell  
The clock pin design_1_i/okt_top_0/inst/cu_inst/okHI/core0/core0/a0/c0/l92ae5a5037b0cc87c9562f3e505d14cf_reg[7]/C is not reached by a timing clock
Related violations: <none>

TIMING-17#168 Critical Warning
Non-clocked sequential cell  
The clock pin design_1_i/okt_top_0/inst/cu_inst/okHI/core0/core0/a0/c0/la64fa2d1faaafafc73d47ae32e7cfc88_reg/C is not reached by a timing clock
Related violations: <none>

TIMING-17#169 Critical Warning
Non-clocked sequential cell  
The clock pin design_1_i/okt_top_0/inst/cu_inst/okHI/core0/core0/a0/c0/lafc29327d3bb822cb9eead9db0361c1b_reg/C is not reached by a timing clock
Related violations: <none>

TIMING-17#170 Critical Warning
Non-clocked sequential cell  
The clock pin design_1_i/okt_top_0/inst/cu_inst/okHI/core0/core0/a0/c0/lbe59f904be1e8440c2d6333521aaa29a_reg[0]/C is not reached by a timing clock
Related violations: <none>

TIMING-17#171 Critical Warning
Non-clocked sequential cell  
The clock pin design_1_i/okt_top_0/inst/cu_inst/okHI/core0/core0/a0/c0/lbe59f904be1e8440c2d6333521aaa29a_reg[1]/C is not reached by a timing clock
Related violations: <none>

TIMING-17#172 Critical Warning
Non-clocked sequential cell  
The clock pin design_1_i/okt_top_0/inst/cu_inst/okHI/core0/core0/a0/c0/lbe59f904be1e8440c2d6333521aaa29a_reg[2]/C is not reached by a timing clock
Related violations: <none>

TIMING-17#173 Critical Warning
Non-clocked sequential cell  
The clock pin design_1_i/okt_top_0/inst/cu_inst/okHI/core0/core0/a0/c0/lbe59f904be1e8440c2d6333521aaa29a_reg[3]/C is not reached by a timing clock
Related violations: <none>

TIMING-17#174 Critical Warning
Non-clocked sequential cell  
The clock pin design_1_i/okt_top_0/inst/cu_inst/okHI/core0/core0/a0/c0/lbe59f904be1e8440c2d6333521aaa29a_reg[4]/C is not reached by a timing clock
Related violations: <none>

TIMING-17#175 Critical Warning
Non-clocked sequential cell  
The clock pin design_1_i/okt_top_0/inst/cu_inst/okHI/core0/core0/a0/c0/lbe59f904be1e8440c2d6333521aaa29a_reg[5]/C is not reached by a timing clock
Related violations: <none>

TIMING-17#176 Critical Warning
Non-clocked sequential cell  
The clock pin design_1_i/okt_top_0/inst/cu_inst/okHI/core0/core0/a0/c0/lbe59f904be1e8440c2d6333521aaa29a_reg[6]/C is not reached by a timing clock
Related violations: <none>

TIMING-17#177 Critical Warning
Non-clocked sequential cell  
The clock pin design_1_i/okt_top_0/inst/cu_inst/okHI/core0/core0/a0/c0/lbe59f904be1e8440c2d6333521aaa29a_reg[7]/C is not reached by a timing clock
Related violations: <none>

TIMING-17#178 Critical Warning
Non-clocked sequential cell  
The clock pin design_1_i/okt_top_0/inst/cu_inst/okHI/core0/core0/a0/c0/lca4771e14019e2187b8d2a2ce66f8c66_reg/C is not reached by a timing clock
Related violations: <none>

TIMING-17#179 Critical Warning
Non-clocked sequential cell  
The clock pin design_1_i/okt_top_0/inst/cu_inst/okHI/core0/core0/a0/c0/ld3dbe7c1be99a51116aec1dbe19f7a94_reg/C is not reached by a timing clock
Related violations: <none>

TIMING-17#180 Critical Warning
Non-clocked sequential cell  
The clock pin design_1_i/okt_top_0/inst/cu_inst/okHI/core0/core0/a0/cb0/U0/inst_fifo_gen/gconvfifo.rf/grf.rf/gntv_or_sync_fifo.gl0.rd/grss.rsts/ram_empty_fb_i_reg/C is not reached by a timing clock
Related violations: <none>

TIMING-17#181 Critical Warning
Non-clocked sequential cell  
The clock pin design_1_i/okt_top_0/inst/cu_inst/okHI/core0/core0/a0/cb0/U0/inst_fifo_gen/gconvfifo.rf/grf.rf/gntv_or_sync_fifo.gl0.rd/grss.rsts/ram_empty_i_reg/C is not reached by a timing clock
Related violations: <none>

TIMING-17#182 Critical Warning
Non-clocked sequential cell  
The clock pin design_1_i/okt_top_0/inst/cu_inst/okHI/core0/core0/a0/cb0/U0/inst_fifo_gen/gconvfifo.rf/grf.rf/gntv_or_sync_fifo.gl0.rd/rpntr/gc0.count_d1_reg[0]/C is not reached by a timing clock
Related violations: <none>

TIMING-17#183 Critical Warning
Non-clocked sequential cell  
The clock pin design_1_i/okt_top_0/inst/cu_inst/okHI/core0/core0/a0/cb0/U0/inst_fifo_gen/gconvfifo.rf/grf.rf/gntv_or_sync_fifo.gl0.rd/rpntr/gc0.count_d1_reg[1]/C is not reached by a timing clock
Related violations: <none>

TIMING-17#184 Critical Warning
Non-clocked sequential cell  
The clock pin design_1_i/okt_top_0/inst/cu_inst/okHI/core0/core0/a0/cb0/U0/inst_fifo_gen/gconvfifo.rf/grf.rf/gntv_or_sync_fifo.gl0.rd/rpntr/gc0.count_d1_reg[2]/C is not reached by a timing clock
Related violations: <none>

TIMING-17#185 Critical Warning
Non-clocked sequential cell  
The clock pin design_1_i/okt_top_0/inst/cu_inst/okHI/core0/core0/a0/cb0/U0/inst_fifo_gen/gconvfifo.rf/grf.rf/gntv_or_sync_fifo.gl0.rd/rpntr/gc0.count_d1_reg[3]/C is not reached by a timing clock
Related violations: <none>

TIMING-17#186 Critical Warning
Non-clocked sequential cell  
The clock pin design_1_i/okt_top_0/inst/cu_inst/okHI/core0/core0/a0/cb0/U0/inst_fifo_gen/gconvfifo.rf/grf.rf/gntv_or_sync_fifo.gl0.rd/rpntr/gc0.count_d1_reg[4]/C is not reached by a timing clock
Related violations: <none>

TIMING-17#187 Critical Warning
Non-clocked sequential cell  
The clock pin design_1_i/okt_top_0/inst/cu_inst/okHI/core0/core0/a0/cb0/U0/inst_fifo_gen/gconvfifo.rf/grf.rf/gntv_or_sync_fifo.gl0.rd/rpntr/gc0.count_d1_reg[5]/C is not reached by a timing clock
Related violations: <none>

TIMING-17#188 Critical Warning
Non-clocked sequential cell  
The clock pin design_1_i/okt_top_0/inst/cu_inst/okHI/core0/core0/a0/cb0/U0/inst_fifo_gen/gconvfifo.rf/grf.rf/gntv_or_sync_fifo.gl0.rd/rpntr/gc0.count_reg[0]/C is not reached by a timing clock
Related violations: <none>

TIMING-17#189 Critical Warning
Non-clocked sequential cell  
The clock pin design_1_i/okt_top_0/inst/cu_inst/okHI/core0/core0/a0/cb0/U0/inst_fifo_gen/gconvfifo.rf/grf.rf/gntv_or_sync_fifo.gl0.rd/rpntr/gc0.count_reg[1]/C is not reached by a timing clock
Related violations: <none>

TIMING-17#190 Critical Warning
Non-clocked sequential cell  
The clock pin design_1_i/okt_top_0/inst/cu_inst/okHI/core0/core0/a0/cb0/U0/inst_fifo_gen/gconvfifo.rf/grf.rf/gntv_or_sync_fifo.gl0.rd/rpntr/gc0.count_reg[2]/C is not reached by a timing clock
Related violations: <none>

TIMING-17#191 Critical Warning
Non-clocked sequential cell  
The clock pin design_1_i/okt_top_0/inst/cu_inst/okHI/core0/core0/a0/cb0/U0/inst_fifo_gen/gconvfifo.rf/grf.rf/gntv_or_sync_fifo.gl0.rd/rpntr/gc0.count_reg[3]/C is not reached by a timing clock
Related violations: <none>

TIMING-17#192 Critical Warning
Non-clocked sequential cell  
The clock pin design_1_i/okt_top_0/inst/cu_inst/okHI/core0/core0/a0/cb0/U0/inst_fifo_gen/gconvfifo.rf/grf.rf/gntv_or_sync_fifo.gl0.rd/rpntr/gc0.count_reg[4]/C is not reached by a timing clock
Related violations: <none>

TIMING-17#193 Critical Warning
Non-clocked sequential cell  
The clock pin design_1_i/okt_top_0/inst/cu_inst/okHI/core0/core0/a0/cb0/U0/inst_fifo_gen/gconvfifo.rf/grf.rf/gntv_or_sync_fifo.gl0.rd/rpntr/gc0.count_reg[5]/C is not reached by a timing clock
Related violations: <none>

TIMING-17#194 Critical Warning
Non-clocked sequential cell  
The clock pin design_1_i/okt_top_0/inst/cu_inst/okHI/core0/core0/a0/cb0/U0/inst_fifo_gen/gconvfifo.rf/grf.rf/gntv_or_sync_fifo.gl0.wr/gwss.wsts/ram_full_fb_i_reg/C is not reached by a timing clock
Related violations: <none>

TIMING-17#195 Critical Warning
Non-clocked sequential cell  
The clock pin design_1_i/okt_top_0/inst/cu_inst/okHI/core0/core0/a0/cb0/U0/inst_fifo_gen/gconvfifo.rf/grf.rf/gntv_or_sync_fifo.gl0.wr/gwss.wsts/ram_full_i_reg/C is not reached by a timing clock
Related violations: <none>

TIMING-17#196 Critical Warning
Non-clocked sequential cell  
The clock pin design_1_i/okt_top_0/inst/cu_inst/okHI/core0/core0/a0/cb0/U0/inst_fifo_gen/gconvfifo.rf/grf.rf/gntv_or_sync_fifo.gl0.wr/wpntr/gcc0.gc0.count_d1_reg[0]/C is not reached by a timing clock
Related violations: <none>

TIMING-17#197 Critical Warning
Non-clocked sequential cell  
The clock pin design_1_i/okt_top_0/inst/cu_inst/okHI/core0/core0/a0/cb0/U0/inst_fifo_gen/gconvfifo.rf/grf.rf/gntv_or_sync_fifo.gl0.wr/wpntr/gcc0.gc0.count_d1_reg[1]/C is not reached by a timing clock
Related violations: <none>

TIMING-17#198 Critical Warning
Non-clocked sequential cell  
The clock pin design_1_i/okt_top_0/inst/cu_inst/okHI/core0/core0/a0/cb0/U0/inst_fifo_gen/gconvfifo.rf/grf.rf/gntv_or_sync_fifo.gl0.wr/wpntr/gcc0.gc0.count_d1_reg[2]/C is not reached by a timing clock
Related violations: <none>

TIMING-17#199 Critical Warning
Non-clocked sequential cell  
The clock pin design_1_i/okt_top_0/inst/cu_inst/okHI/core0/core0/a0/cb0/U0/inst_fifo_gen/gconvfifo.rf/grf.rf/gntv_or_sync_fifo.gl0.wr/wpntr/gcc0.gc0.count_d1_reg[3]/C is not reached by a timing clock
Related violations: <none>

TIMING-17#200 Critical Warning
Non-clocked sequential cell  
The clock pin design_1_i/okt_top_0/inst/cu_inst/okHI/core0/core0/a0/cb0/U0/inst_fifo_gen/gconvfifo.rf/grf.rf/gntv_or_sync_fifo.gl0.wr/wpntr/gcc0.gc0.count_d1_reg[4]/C is not reached by a timing clock
Related violations: <none>

TIMING-17#201 Critical Warning
Non-clocked sequential cell  
The clock pin design_1_i/okt_top_0/inst/cu_inst/okHI/core0/core0/a0/cb0/U0/inst_fifo_gen/gconvfifo.rf/grf.rf/gntv_or_sync_fifo.gl0.wr/wpntr/gcc0.gc0.count_d1_reg[5]/C is not reached by a timing clock
Related violations: <none>

TIMING-17#202 Critical Warning
Non-clocked sequential cell  
The clock pin design_1_i/okt_top_0/inst/cu_inst/okHI/core0/core0/a0/cb0/U0/inst_fifo_gen/gconvfifo.rf/grf.rf/gntv_or_sync_fifo.gl0.wr/wpntr/gcc0.gc0.count_reg[0]/C is not reached by a timing clock
Related violations: <none>

TIMING-17#203 Critical Warning
Non-clocked sequential cell  
The clock pin design_1_i/okt_top_0/inst/cu_inst/okHI/core0/core0/a0/cb0/U0/inst_fifo_gen/gconvfifo.rf/grf.rf/gntv_or_sync_fifo.gl0.wr/wpntr/gcc0.gc0.count_reg[1]/C is not reached by a timing clock
Related violations: <none>

TIMING-17#204 Critical Warning
Non-clocked sequential cell  
The clock pin design_1_i/okt_top_0/inst/cu_inst/okHI/core0/core0/a0/cb0/U0/inst_fifo_gen/gconvfifo.rf/grf.rf/gntv_or_sync_fifo.gl0.wr/wpntr/gcc0.gc0.count_reg[2]/C is not reached by a timing clock
Related violations: <none>

TIMING-17#205 Critical Warning
Non-clocked sequential cell  
The clock pin design_1_i/okt_top_0/inst/cu_inst/okHI/core0/core0/a0/cb0/U0/inst_fifo_gen/gconvfifo.rf/grf.rf/gntv_or_sync_fifo.gl0.wr/wpntr/gcc0.gc0.count_reg[3]/C is not reached by a timing clock
Related violations: <none>

TIMING-17#206 Critical Warning
Non-clocked sequential cell  
The clock pin design_1_i/okt_top_0/inst/cu_inst/okHI/core0/core0/a0/cb0/U0/inst_fifo_gen/gconvfifo.rf/grf.rf/gntv_or_sync_fifo.gl0.wr/wpntr/gcc0.gc0.count_reg[4]/C is not reached by a timing clock
Related violations: <none>

TIMING-17#207 Critical Warning
Non-clocked sequential cell  
The clock pin design_1_i/okt_top_0/inst/cu_inst/okHI/core0/core0/a0/cb0/U0/inst_fifo_gen/gconvfifo.rf/grf.rf/gntv_or_sync_fifo.gl0.wr/wpntr/gcc0.gc0.count_reg[5]/C is not reached by a timing clock
Related violations: <none>

TIMING-17#208 Critical Warning
Non-clocked sequential cell  
The clock pin design_1_i/okt_top_0/inst/cu_inst/okHI/core0/core0/a0/cb0/U0/inst_fifo_gen/gconvfifo.rf/grf.rf/gntv_or_sync_fifo.mem/gbm.gbmg.gbmga.ngecc.bmg/inst_blk_mem_gen/gnbram.gnativebmg.native_blk_mem_gen/valid.cstr/ramloop[0].ram.r/prim_noinit.ram/DEVICE_7SERIES.NO_BMM_INFO.SDP.WIDE_PRIM18.ram/CLKARDCLK is not reached by a timing clock
Related violations: <none>

TIMING-17#209 Critical Warning
Non-clocked sequential cell  
The clock pin design_1_i/okt_top_0/inst/cu_inst/okHI/core0/core0/a0/cb0/U0/inst_fifo_gen/gconvfifo.rf/grf.rf/gntv_or_sync_fifo.mem/gbm.gbmg.gbmga.ngecc.bmg/inst_blk_mem_gen/gnbram.gnativebmg.native_blk_mem_gen/valid.cstr/ramloop[0].ram.r/prim_noinit.ram/DEVICE_7SERIES.NO_BMM_INFO.SDP.WIDE_PRIM18.ram/CLKBWRCLK is not reached by a timing clock
Related violations: <none>

TIMING-17#210 Critical Warning
Non-clocked sequential cell  
The clock pin design_1_i/okt_top_0/inst/cu_inst/okHI/core0/core0/a0/d0/dna0/CLK is not reached by a timing clock
Related violations: <none>

TIMING-17#211 Critical Warning
Non-clocked sequential cell  
The clock pin design_1_i/okt_top_0/inst/cu_inst/okHI/core0/core0/a0/d0/l3ef837e59a131545b35a9a1962086cbf_reg/C is not reached by a timing clock
Related violations: <none>

TIMING-17#212 Critical Warning
Non-clocked sequential cell  
The clock pin design_1_i/okt_top_0/inst/cu_inst/okHI/core0/core0/a0/d0/lc4da648cb12eeeb24e4d199c1195ed93_reg[0]/C is not reached by a timing clock
Related violations: <none>

TIMING-17#213 Critical Warning
Non-clocked sequential cell  
The clock pin design_1_i/okt_top_0/inst/cu_inst/okHI/core0/core0/a0/d0/lc4da648cb12eeeb24e4d199c1195ed93_reg[1]/C is not reached by a timing clock
Related violations: <none>

TIMING-17#214 Critical Warning
Non-clocked sequential cell  
The clock pin design_1_i/okt_top_0/inst/cu_inst/okHI/core0/core0/a0/d0/lc4da648cb12eeeb24e4d199c1195ed93_reg[2]/C is not reached by a timing clock
Related violations: <none>

TIMING-17#215 Critical Warning
Non-clocked sequential cell  
The clock pin design_1_i/okt_top_0/inst/cu_inst/okHI/core0/core0/a0/d0/lc4da648cb12eeeb24e4d199c1195ed93_reg[3]/C is not reached by a timing clock
Related violations: <none>

TIMING-17#216 Critical Warning
Non-clocked sequential cell  
The clock pin design_1_i/okt_top_0/inst/cu_inst/okHI/core0/core0/a0/d0/lc4da648cb12eeeb24e4d199c1195ed93_reg[4]/C is not reached by a timing clock
Related violations: <none>

TIMING-17#217 Critical Warning
Non-clocked sequential cell  
The clock pin design_1_i/okt_top_0/inst/cu_inst/okHI/core0/core0/a0/d0/ldacb858842bc61590e084bcd54c8e356_reg/C is not reached by a timing clock
Related violations: <none>

TIMING-17#218 Critical Warning
Non-clocked sequential cell  
The clock pin design_1_i/okt_top_0/inst/cu_inst/okHI/core0/core0/a0/d0/le5e2e6110dd7478b8ed0143f21b04d30_reg[0]/C is not reached by a timing clock
Related violations: <none>

TIMING-17#219 Critical Warning
Non-clocked sequential cell  
The clock pin design_1_i/okt_top_0/inst/cu_inst/okHI/core0/core0/a0/d0/le5e2e6110dd7478b8ed0143f21b04d30_reg[10]/C is not reached by a timing clock
Related violations: <none>

TIMING-17#220 Critical Warning
Non-clocked sequential cell  
The clock pin design_1_i/okt_top_0/inst/cu_inst/okHI/core0/core0/a0/d0/le5e2e6110dd7478b8ed0143f21b04d30_reg[11]/C is not reached by a timing clock
Related violations: <none>

TIMING-17#221 Critical Warning
Non-clocked sequential cell  
The clock pin design_1_i/okt_top_0/inst/cu_inst/okHI/core0/core0/a0/d0/le5e2e6110dd7478b8ed0143f21b04d30_reg[12]/C is not reached by a timing clock
Related violations: <none>

TIMING-17#222 Critical Warning
Non-clocked sequential cell  
The clock pin design_1_i/okt_top_0/inst/cu_inst/okHI/core0/core0/a0/d0/le5e2e6110dd7478b8ed0143f21b04d30_reg[13]/C is not reached by a timing clock
Related violations: <none>

TIMING-17#223 Critical Warning
Non-clocked sequential cell  
The clock pin design_1_i/okt_top_0/inst/cu_inst/okHI/core0/core0/a0/d0/le5e2e6110dd7478b8ed0143f21b04d30_reg[14]/C is not reached by a timing clock
Related violations: <none>

TIMING-17#224 Critical Warning
Non-clocked sequential cell  
The clock pin design_1_i/okt_top_0/inst/cu_inst/okHI/core0/core0/a0/d0/le5e2e6110dd7478b8ed0143f21b04d30_reg[15]/C is not reached by a timing clock
Related violations: <none>

TIMING-17#225 Critical Warning
Non-clocked sequential cell  
The clock pin design_1_i/okt_top_0/inst/cu_inst/okHI/core0/core0/a0/d0/le5e2e6110dd7478b8ed0143f21b04d30_reg[16]/C is not reached by a timing clock
Related violations: <none>

TIMING-17#226 Critical Warning
Non-clocked sequential cell  
The clock pin design_1_i/okt_top_0/inst/cu_inst/okHI/core0/core0/a0/d0/le5e2e6110dd7478b8ed0143f21b04d30_reg[17]/C is not reached by a timing clock
Related violations: <none>

TIMING-17#227 Critical Warning
Non-clocked sequential cell  
The clock pin design_1_i/okt_top_0/inst/cu_inst/okHI/core0/core0/a0/d0/le5e2e6110dd7478b8ed0143f21b04d30_reg[18]/C is not reached by a timing clock
Related violations: <none>

TIMING-17#228 Critical Warning
Non-clocked sequential cell  
The clock pin design_1_i/okt_top_0/inst/cu_inst/okHI/core0/core0/a0/d0/le5e2e6110dd7478b8ed0143f21b04d30_reg[19]/C is not reached by a timing clock
Related violations: <none>

TIMING-17#229 Critical Warning
Non-clocked sequential cell  
The clock pin design_1_i/okt_top_0/inst/cu_inst/okHI/core0/core0/a0/d0/le5e2e6110dd7478b8ed0143f21b04d30_reg[1]/C is not reached by a timing clock
Related violations: <none>

TIMING-17#230 Critical Warning
Non-clocked sequential cell  
The clock pin design_1_i/okt_top_0/inst/cu_inst/okHI/core0/core0/a0/d0/le5e2e6110dd7478b8ed0143f21b04d30_reg[20]/C is not reached by a timing clock
Related violations: <none>

TIMING-17#231 Critical Warning
Non-clocked sequential cell  
The clock pin design_1_i/okt_top_0/inst/cu_inst/okHI/core0/core0/a0/d0/le5e2e6110dd7478b8ed0143f21b04d30_reg[21]/C is not reached by a timing clock
Related violations: <none>

TIMING-17#232 Critical Warning
Non-clocked sequential cell  
The clock pin design_1_i/okt_top_0/inst/cu_inst/okHI/core0/core0/a0/d0/le5e2e6110dd7478b8ed0143f21b04d30_reg[22]/C is not reached by a timing clock
Related violations: <none>

TIMING-17#233 Critical Warning
Non-clocked sequential cell  
The clock pin design_1_i/okt_top_0/inst/cu_inst/okHI/core0/core0/a0/d0/le5e2e6110dd7478b8ed0143f21b04d30_reg[23]/C is not reached by a timing clock
Related violations: <none>

TIMING-17#234 Critical Warning
Non-clocked sequential cell  
The clock pin design_1_i/okt_top_0/inst/cu_inst/okHI/core0/core0/a0/d0/le5e2e6110dd7478b8ed0143f21b04d30_reg[24]/C is not reached by a timing clock
Related violations: <none>

TIMING-17#235 Critical Warning
Non-clocked sequential cell  
The clock pin design_1_i/okt_top_0/inst/cu_inst/okHI/core0/core0/a0/d0/le5e2e6110dd7478b8ed0143f21b04d30_reg[25]/C is not reached by a timing clock
Related violations: <none>

TIMING-17#236 Critical Warning
Non-clocked sequential cell  
The clock pin design_1_i/okt_top_0/inst/cu_inst/okHI/core0/core0/a0/d0/le5e2e6110dd7478b8ed0143f21b04d30_reg[26]/C is not reached by a timing clock
Related violations: <none>

TIMING-17#237 Critical Warning
Non-clocked sequential cell  
The clock pin design_1_i/okt_top_0/inst/cu_inst/okHI/core0/core0/a0/d0/le5e2e6110dd7478b8ed0143f21b04d30_reg[27]/C is not reached by a timing clock
Related violations: <none>

TIMING-17#238 Critical Warning
Non-clocked sequential cell  
The clock pin design_1_i/okt_top_0/inst/cu_inst/okHI/core0/core0/a0/d0/le5e2e6110dd7478b8ed0143f21b04d30_reg[28]/C is not reached by a timing clock
Related violations: <none>

TIMING-17#239 Critical Warning
Non-clocked sequential cell  
The clock pin design_1_i/okt_top_0/inst/cu_inst/okHI/core0/core0/a0/d0/le5e2e6110dd7478b8ed0143f21b04d30_reg[29]/C is not reached by a timing clock
Related violations: <none>

TIMING-17#240 Critical Warning
Non-clocked sequential cell  
The clock pin design_1_i/okt_top_0/inst/cu_inst/okHI/core0/core0/a0/d0/le5e2e6110dd7478b8ed0143f21b04d30_reg[2]/C is not reached by a timing clock
Related violations: <none>

TIMING-17#241 Critical Warning
Non-clocked sequential cell  
The clock pin design_1_i/okt_top_0/inst/cu_inst/okHI/core0/core0/a0/d0/le5e2e6110dd7478b8ed0143f21b04d30_reg[30]/C is not reached by a timing clock
Related violations: <none>

TIMING-17#242 Critical Warning
Non-clocked sequential cell  
The clock pin design_1_i/okt_top_0/inst/cu_inst/okHI/core0/core0/a0/d0/le5e2e6110dd7478b8ed0143f21b04d30_reg[31]/C is not reached by a timing clock
Related violations: <none>

TIMING-17#243 Critical Warning
Non-clocked sequential cell  
The clock pin design_1_i/okt_top_0/inst/cu_inst/okHI/core0/core0/a0/d0/le5e2e6110dd7478b8ed0143f21b04d30_reg[32]/C is not reached by a timing clock
Related violations: <none>

TIMING-17#244 Critical Warning
Non-clocked sequential cell  
The clock pin design_1_i/okt_top_0/inst/cu_inst/okHI/core0/core0/a0/d0/le5e2e6110dd7478b8ed0143f21b04d30_reg[33]/C is not reached by a timing clock
Related violations: <none>

TIMING-17#245 Critical Warning
Non-clocked sequential cell  
The clock pin design_1_i/okt_top_0/inst/cu_inst/okHI/core0/core0/a0/d0/le5e2e6110dd7478b8ed0143f21b04d30_reg[34]/C is not reached by a timing clock
Related violations: <none>

TIMING-17#246 Critical Warning
Non-clocked sequential cell  
The clock pin design_1_i/okt_top_0/inst/cu_inst/okHI/core0/core0/a0/d0/le5e2e6110dd7478b8ed0143f21b04d30_reg[35]/C is not reached by a timing clock
Related violations: <none>

TIMING-17#247 Critical Warning
Non-clocked sequential cell  
The clock pin design_1_i/okt_top_0/inst/cu_inst/okHI/core0/core0/a0/d0/le5e2e6110dd7478b8ed0143f21b04d30_reg[36]/C is not reached by a timing clock
Related violations: <none>

TIMING-17#248 Critical Warning
Non-clocked sequential cell  
The clock pin design_1_i/okt_top_0/inst/cu_inst/okHI/core0/core0/a0/d0/le5e2e6110dd7478b8ed0143f21b04d30_reg[37]/C is not reached by a timing clock
Related violations: <none>

TIMING-17#249 Critical Warning
Non-clocked sequential cell  
The clock pin design_1_i/okt_top_0/inst/cu_inst/okHI/core0/core0/a0/d0/le5e2e6110dd7478b8ed0143f21b04d30_reg[38]/C is not reached by a timing clock
Related violations: <none>

TIMING-17#250 Critical Warning
Non-clocked sequential cell  
The clock pin design_1_i/okt_top_0/inst/cu_inst/okHI/core0/core0/a0/d0/le5e2e6110dd7478b8ed0143f21b04d30_reg[39]/C is not reached by a timing clock
Related violations: <none>

TIMING-17#251 Critical Warning
Non-clocked sequential cell  
The clock pin design_1_i/okt_top_0/inst/cu_inst/okHI/core0/core0/a0/d0/le5e2e6110dd7478b8ed0143f21b04d30_reg[3]/C is not reached by a timing clock
Related violations: <none>

TIMING-17#252 Critical Warning
Non-clocked sequential cell  
The clock pin design_1_i/okt_top_0/inst/cu_inst/okHI/core0/core0/a0/d0/le5e2e6110dd7478b8ed0143f21b04d30_reg[40]/C is not reached by a timing clock
Related violations: <none>

TIMING-17#253 Critical Warning
Non-clocked sequential cell  
The clock pin design_1_i/okt_top_0/inst/cu_inst/okHI/core0/core0/a0/d0/le5e2e6110dd7478b8ed0143f21b04d30_reg[41]/C is not reached by a timing clock
Related violations: <none>

TIMING-17#254 Critical Warning
Non-clocked sequential cell  
The clock pin design_1_i/okt_top_0/inst/cu_inst/okHI/core0/core0/a0/d0/le5e2e6110dd7478b8ed0143f21b04d30_reg[42]/C is not reached by a timing clock
Related violations: <none>

TIMING-17#255 Critical Warning
Non-clocked sequential cell  
The clock pin design_1_i/okt_top_0/inst/cu_inst/okHI/core0/core0/a0/d0/le5e2e6110dd7478b8ed0143f21b04d30_reg[43]/C is not reached by a timing clock
Related violations: <none>

TIMING-17#256 Critical Warning
Non-clocked sequential cell  
The clock pin design_1_i/okt_top_0/inst/cu_inst/okHI/core0/core0/a0/d0/le5e2e6110dd7478b8ed0143f21b04d30_reg[44]/C is not reached by a timing clock
Related violations: <none>

TIMING-17#257 Critical Warning
Non-clocked sequential cell  
The clock pin design_1_i/okt_top_0/inst/cu_inst/okHI/core0/core0/a0/d0/le5e2e6110dd7478b8ed0143f21b04d30_reg[45]/C is not reached by a timing clock
Related violations: <none>

TIMING-17#258 Critical Warning
Non-clocked sequential cell  
The clock pin design_1_i/okt_top_0/inst/cu_inst/okHI/core0/core0/a0/d0/le5e2e6110dd7478b8ed0143f21b04d30_reg[46]/C is not reached by a timing clock
Related violations: <none>

TIMING-17#259 Critical Warning
Non-clocked sequential cell  
The clock pin design_1_i/okt_top_0/inst/cu_inst/okHI/core0/core0/a0/d0/le5e2e6110dd7478b8ed0143f21b04d30_reg[47]/C is not reached by a timing clock
Related violations: <none>

TIMING-17#260 Critical Warning
Non-clocked sequential cell  
The clock pin design_1_i/okt_top_0/inst/cu_inst/okHI/core0/core0/a0/d0/le5e2e6110dd7478b8ed0143f21b04d30_reg[48]/C is not reached by a timing clock
Related violations: <none>

TIMING-17#261 Critical Warning
Non-clocked sequential cell  
The clock pin design_1_i/okt_top_0/inst/cu_inst/okHI/core0/core0/a0/d0/le5e2e6110dd7478b8ed0143f21b04d30_reg[49]/C is not reached by a timing clock
Related violations: <none>

TIMING-17#262 Critical Warning
Non-clocked sequential cell  
The clock pin design_1_i/okt_top_0/inst/cu_inst/okHI/core0/core0/a0/d0/le5e2e6110dd7478b8ed0143f21b04d30_reg[4]/C is not reached by a timing clock
Related violations: <none>

TIMING-17#263 Critical Warning
Non-clocked sequential cell  
The clock pin design_1_i/okt_top_0/inst/cu_inst/okHI/core0/core0/a0/d0/le5e2e6110dd7478b8ed0143f21b04d30_reg[50]/C is not reached by a timing clock
Related violations: <none>

TIMING-17#264 Critical Warning
Non-clocked sequential cell  
The clock pin design_1_i/okt_top_0/inst/cu_inst/okHI/core0/core0/a0/d0/le5e2e6110dd7478b8ed0143f21b04d30_reg[51]/C is not reached by a timing clock
Related violations: <none>

TIMING-17#265 Critical Warning
Non-clocked sequential cell  
The clock pin design_1_i/okt_top_0/inst/cu_inst/okHI/core0/core0/a0/d0/le5e2e6110dd7478b8ed0143f21b04d30_reg[52]/C is not reached by a timing clock
Related violations: <none>

TIMING-17#266 Critical Warning
Non-clocked sequential cell  
The clock pin design_1_i/okt_top_0/inst/cu_inst/okHI/core0/core0/a0/d0/le5e2e6110dd7478b8ed0143f21b04d30_reg[53]/C is not reached by a timing clock
Related violations: <none>

TIMING-17#267 Critical Warning
Non-clocked sequential cell  
The clock pin design_1_i/okt_top_0/inst/cu_inst/okHI/core0/core0/a0/d0/le5e2e6110dd7478b8ed0143f21b04d30_reg[54]/C is not reached by a timing clock
Related violations: <none>

TIMING-17#268 Critical Warning
Non-clocked sequential cell  
The clock pin design_1_i/okt_top_0/inst/cu_inst/okHI/core0/core0/a0/d0/le5e2e6110dd7478b8ed0143f21b04d30_reg[55]/C is not reached by a timing clock
Related violations: <none>

TIMING-17#269 Critical Warning
Non-clocked sequential cell  
The clock pin design_1_i/okt_top_0/inst/cu_inst/okHI/core0/core0/a0/d0/le5e2e6110dd7478b8ed0143f21b04d30_reg[56]/C is not reached by a timing clock
Related violations: <none>

TIMING-17#270 Critical Warning
Non-clocked sequential cell  
The clock pin design_1_i/okt_top_0/inst/cu_inst/okHI/core0/core0/a0/d0/le5e2e6110dd7478b8ed0143f21b04d30_reg[5]/C is not reached by a timing clock
Related violations: <none>

TIMING-17#271 Critical Warning
Non-clocked sequential cell  
The clock pin design_1_i/okt_top_0/inst/cu_inst/okHI/core0/core0/a0/d0/le5e2e6110dd7478b8ed0143f21b04d30_reg[6]/C is not reached by a timing clock
Related violations: <none>

TIMING-17#272 Critical Warning
Non-clocked sequential cell  
The clock pin design_1_i/okt_top_0/inst/cu_inst/okHI/core0/core0/a0/d0/le5e2e6110dd7478b8ed0143f21b04d30_reg[7]/C is not reached by a timing clock
Related violations: <none>

TIMING-17#273 Critical Warning
Non-clocked sequential cell  
The clock pin design_1_i/okt_top_0/inst/cu_inst/okHI/core0/core0/a0/d0/le5e2e6110dd7478b8ed0143f21b04d30_reg[8]/C is not reached by a timing clock
Related violations: <none>

TIMING-17#274 Critical Warning
Non-clocked sequential cell  
The clock pin design_1_i/okt_top_0/inst/cu_inst/okHI/core0/core0/a0/d0/le5e2e6110dd7478b8ed0143f21b04d30_reg[9]/C is not reached by a timing clock
Related violations: <none>

TIMING-17#275 Critical Warning
Non-clocked sequential cell  
The clock pin design_1_i/okt_top_0/inst/cu_inst/okHI/core0/core0/a0/d0/lec61d789983ad94d0f1db17087e3c034_reg/C is not reached by a timing clock
Related violations: <none>

TIMING-17#276 Critical Warning
Non-clocked sequential cell  
The clock pin design_1_i/okt_top_0/inst/cu_inst/okHI/core0/core0/a0/d0/lfd4ae1d2a2f83cc540ba2af5c1891381_reg[0]/C is not reached by a timing clock
Related violations: <none>

TIMING-17#277 Critical Warning
Non-clocked sequential cell  
The clock pin design_1_i/okt_top_0/inst/cu_inst/okHI/core0/core0/a0/d0/lfd4ae1d2a2f83cc540ba2af5c1891381_reg[1]/C is not reached by a timing clock
Related violations: <none>

TIMING-17#278 Critical Warning
Non-clocked sequential cell  
The clock pin design_1_i/okt_top_0/inst/cu_inst/okHI/core0/core0/a0/d0/lfd4ae1d2a2f83cc540ba2af5c1891381_reg[2]/C is not reached by a timing clock
Related violations: <none>

TIMING-17#279 Critical Warning
Non-clocked sequential cell  
The clock pin design_1_i/okt_top_0/inst/cu_inst/okHI/core0/core0/a0/d0/lfd4ae1d2a2f83cc540ba2af5c1891381_reg[3]/C is not reached by a timing clock
Related violations: <none>

TIMING-17#280 Critical Warning
Non-clocked sequential cell  
The clock pin design_1_i/okt_top_0/inst/cu_inst/okHI/core0/core0/a0/d0/lfd4ae1d2a2f83cc540ba2af5c1891381_reg[4]/C is not reached by a timing clock
Related violations: <none>

TIMING-17#281 Critical Warning
Non-clocked sequential cell  
The clock pin design_1_i/okt_top_0/inst/cu_inst/okHI/core0/core0/a0/d0/lfd4ae1d2a2f83cc540ba2af5c1891381_reg[5]/C is not reached by a timing clock
Related violations: <none>

TIMING-17#282 Critical Warning
Non-clocked sequential cell  
The clock pin design_1_i/okt_top_0/inst/cu_inst/okHI/core0/core0/a0/des0/lee850ccdc8e3a4cfe18e16eca8aa053c_reg[10]/C is not reached by a timing clock
Related violations: <none>

TIMING-17#283 Critical Warning
Non-clocked sequential cell  
The clock pin design_1_i/okt_top_0/inst/cu_inst/okHI/core0/core0/a0/des0/lee850ccdc8e3a4cfe18e16eca8aa053c_reg[11]/C is not reached by a timing clock
Related violations: <none>

TIMING-17#284 Critical Warning
Non-clocked sequential cell  
The clock pin design_1_i/okt_top_0/inst/cu_inst/okHI/core0/core0/a0/des0/lee850ccdc8e3a4cfe18e16eca8aa053c_reg[12]/C is not reached by a timing clock
Related violations: <none>

TIMING-17#285 Critical Warning
Non-clocked sequential cell  
The clock pin design_1_i/okt_top_0/inst/cu_inst/okHI/core0/core0/a0/des0/lee850ccdc8e3a4cfe18e16eca8aa053c_reg[13]/C is not reached by a timing clock
Related violations: <none>

TIMING-17#286 Critical Warning
Non-clocked sequential cell  
The clock pin design_1_i/okt_top_0/inst/cu_inst/okHI/core0/core0/a0/des0/lee850ccdc8e3a4cfe18e16eca8aa053c_reg[14]/C is not reached by a timing clock
Related violations: <none>

TIMING-17#287 Critical Warning
Non-clocked sequential cell  
The clock pin design_1_i/okt_top_0/inst/cu_inst/okHI/core0/core0/a0/des0/lee850ccdc8e3a4cfe18e16eca8aa053c_reg[15]/C is not reached by a timing clock
Related violations: <none>

TIMING-17#288 Critical Warning
Non-clocked sequential cell  
The clock pin design_1_i/okt_top_0/inst/cu_inst/okHI/core0/core0/a0/des0/lee850ccdc8e3a4cfe18e16eca8aa053c_reg[16]/C is not reached by a timing clock
Related violations: <none>

TIMING-17#289 Critical Warning
Non-clocked sequential cell  
The clock pin design_1_i/okt_top_0/inst/cu_inst/okHI/core0/core0/a0/des0/lee850ccdc8e3a4cfe18e16eca8aa053c_reg[17]/C is not reached by a timing clock
Related violations: <none>

TIMING-17#290 Critical Warning
Non-clocked sequential cell  
The clock pin design_1_i/okt_top_0/inst/cu_inst/okHI/core0/core0/a0/des0/lee850ccdc8e3a4cfe18e16eca8aa053c_reg[18]/C is not reached by a timing clock
Related violations: <none>

TIMING-17#291 Critical Warning
Non-clocked sequential cell  
The clock pin design_1_i/okt_top_0/inst/cu_inst/okHI/core0/core0/a0/des0/lee850ccdc8e3a4cfe18e16eca8aa053c_reg[19]/C is not reached by a timing clock
Related violations: <none>

TIMING-17#292 Critical Warning
Non-clocked sequential cell  
The clock pin design_1_i/okt_top_0/inst/cu_inst/okHI/core0/core0/a0/des0/lee850ccdc8e3a4cfe18e16eca8aa053c_reg[1]/C is not reached by a timing clock
Related violations: <none>

TIMING-17#293 Critical Warning
Non-clocked sequential cell  
The clock pin design_1_i/okt_top_0/inst/cu_inst/okHI/core0/core0/a0/des0/lee850ccdc8e3a4cfe18e16eca8aa053c_reg[20]/C is not reached by a timing clock
Related violations: <none>

TIMING-17#294 Critical Warning
Non-clocked sequential cell  
The clock pin design_1_i/okt_top_0/inst/cu_inst/okHI/core0/core0/a0/des0/lee850ccdc8e3a4cfe18e16eca8aa053c_reg[21]/C is not reached by a timing clock
Related violations: <none>

TIMING-17#295 Critical Warning
Non-clocked sequential cell  
The clock pin design_1_i/okt_top_0/inst/cu_inst/okHI/core0/core0/a0/des0/lee850ccdc8e3a4cfe18e16eca8aa053c_reg[22]/C is not reached by a timing clock
Related violations: <none>

TIMING-17#296 Critical Warning
Non-clocked sequential cell  
The clock pin design_1_i/okt_top_0/inst/cu_inst/okHI/core0/core0/a0/des0/lee850ccdc8e3a4cfe18e16eca8aa053c_reg[23]/C is not reached by a timing clock
Related violations: <none>

TIMING-17#297 Critical Warning
Non-clocked sequential cell  
The clock pin design_1_i/okt_top_0/inst/cu_inst/okHI/core0/core0/a0/des0/lee850ccdc8e3a4cfe18e16eca8aa053c_reg[24]/C is not reached by a timing clock
Related violations: <none>

TIMING-17#298 Critical Warning
Non-clocked sequential cell  
The clock pin design_1_i/okt_top_0/inst/cu_inst/okHI/core0/core0/a0/des0/lee850ccdc8e3a4cfe18e16eca8aa053c_reg[25]/C is not reached by a timing clock
Related violations: <none>

TIMING-17#299 Critical Warning
Non-clocked sequential cell  
The clock pin design_1_i/okt_top_0/inst/cu_inst/okHI/core0/core0/a0/des0/lee850ccdc8e3a4cfe18e16eca8aa053c_reg[26]/C is not reached by a timing clock
Related violations: <none>

TIMING-17#300 Critical Warning
Non-clocked sequential cell  
The clock pin design_1_i/okt_top_0/inst/cu_inst/okHI/core0/core0/a0/des0/lee850ccdc8e3a4cfe18e16eca8aa053c_reg[27]/C is not reached by a timing clock
Related violations: <none>

TIMING-17#301 Critical Warning
Non-clocked sequential cell  
The clock pin design_1_i/okt_top_0/inst/cu_inst/okHI/core0/core0/a0/des0/lee850ccdc8e3a4cfe18e16eca8aa053c_reg[28]/C is not reached by a timing clock
Related violations: <none>

TIMING-17#302 Critical Warning
Non-clocked sequential cell  
The clock pin design_1_i/okt_top_0/inst/cu_inst/okHI/core0/core0/a0/des0/lee850ccdc8e3a4cfe18e16eca8aa053c_reg[29]/C is not reached by a timing clock
Related violations: <none>

TIMING-17#303 Critical Warning
Non-clocked sequential cell  
The clock pin design_1_i/okt_top_0/inst/cu_inst/okHI/core0/core0/a0/des0/lee850ccdc8e3a4cfe18e16eca8aa053c_reg[2]/C is not reached by a timing clock
Related violations: <none>

TIMING-17#304 Critical Warning
Non-clocked sequential cell  
The clock pin design_1_i/okt_top_0/inst/cu_inst/okHI/core0/core0/a0/des0/lee850ccdc8e3a4cfe18e16eca8aa053c_reg[30]/C is not reached by a timing clock
Related violations: <none>

TIMING-17#305 Critical Warning
Non-clocked sequential cell  
The clock pin design_1_i/okt_top_0/inst/cu_inst/okHI/core0/core0/a0/des0/lee850ccdc8e3a4cfe18e16eca8aa053c_reg[31]/C is not reached by a timing clock
Related violations: <none>

TIMING-17#306 Critical Warning
Non-clocked sequential cell  
The clock pin design_1_i/okt_top_0/inst/cu_inst/okHI/core0/core0/a0/des0/lee850ccdc8e3a4cfe18e16eca8aa053c_reg[32]/C is not reached by a timing clock
Related violations: <none>

TIMING-17#307 Critical Warning
Non-clocked sequential cell  
The clock pin design_1_i/okt_top_0/inst/cu_inst/okHI/core0/core0/a0/des0/lee850ccdc8e3a4cfe18e16eca8aa053c_reg[3]/C is not reached by a timing clock
Related violations: <none>

TIMING-17#308 Critical Warning
Non-clocked sequential cell  
The clock pin design_1_i/okt_top_0/inst/cu_inst/okHI/core0/core0/a0/des0/lee850ccdc8e3a4cfe18e16eca8aa053c_reg[4]/C is not reached by a timing clock
Related violations: <none>

TIMING-17#309 Critical Warning
Non-clocked sequential cell  
The clock pin design_1_i/okt_top_0/inst/cu_inst/okHI/core0/core0/a0/des0/lee850ccdc8e3a4cfe18e16eca8aa053c_reg[5]/C is not reached by a timing clock
Related violations: <none>

TIMING-17#310 Critical Warning
Non-clocked sequential cell  
The clock pin design_1_i/okt_top_0/inst/cu_inst/okHI/core0/core0/a0/des0/lee850ccdc8e3a4cfe18e16eca8aa053c_reg[6]/C is not reached by a timing clock
Related violations: <none>

TIMING-17#311 Critical Warning
Non-clocked sequential cell  
The clock pin design_1_i/okt_top_0/inst/cu_inst/okHI/core0/core0/a0/des0/lee850ccdc8e3a4cfe18e16eca8aa053c_reg[7]/C is not reached by a timing clock
Related violations: <none>

TIMING-17#312 Critical Warning
Non-clocked sequential cell  
The clock pin design_1_i/okt_top_0/inst/cu_inst/okHI/core0/core0/a0/des0/lee850ccdc8e3a4cfe18e16eca8aa053c_reg[8]/C is not reached by a timing clock
Related violations: <none>

TIMING-17#313 Critical Warning
Non-clocked sequential cell  
The clock pin design_1_i/okt_top_0/inst/cu_inst/okHI/core0/core0/a0/des0/lee850ccdc8e3a4cfe18e16eca8aa053c_reg[9]/C is not reached by a timing clock
Related violations: <none>

TIMING-17#314 Critical Warning
Non-clocked sequential cell  
The clock pin design_1_i/okt_top_0/inst/cu_inst/okHI/core0/core0/a0/des0/lf2d689afa99d0d626f608c2120f93acd_reg[10]/C is not reached by a timing clock
Related violations: <none>

TIMING-17#315 Critical Warning
Non-clocked sequential cell  
The clock pin design_1_i/okt_top_0/inst/cu_inst/okHI/core0/core0/a0/des0/lf2d689afa99d0d626f608c2120f93acd_reg[11]/C is not reached by a timing clock
Related violations: <none>

TIMING-17#316 Critical Warning
Non-clocked sequential cell  
The clock pin design_1_i/okt_top_0/inst/cu_inst/okHI/core0/core0/a0/des0/lf2d689afa99d0d626f608c2120f93acd_reg[12]/C is not reached by a timing clock
Related violations: <none>

TIMING-17#317 Critical Warning
Non-clocked sequential cell  
The clock pin design_1_i/okt_top_0/inst/cu_inst/okHI/core0/core0/a0/des0/lf2d689afa99d0d626f608c2120f93acd_reg[13]/C is not reached by a timing clock
Related violations: <none>

TIMING-17#318 Critical Warning
Non-clocked sequential cell  
The clock pin design_1_i/okt_top_0/inst/cu_inst/okHI/core0/core0/a0/des0/lf2d689afa99d0d626f608c2120f93acd_reg[14]/C is not reached by a timing clock
Related violations: <none>

TIMING-17#319 Critical Warning
Non-clocked sequential cell  
The clock pin design_1_i/okt_top_0/inst/cu_inst/okHI/core0/core0/a0/des0/lf2d689afa99d0d626f608c2120f93acd_reg[15]/C is not reached by a timing clock
Related violations: <none>

TIMING-17#320 Critical Warning
Non-clocked sequential cell  
The clock pin design_1_i/okt_top_0/inst/cu_inst/okHI/core0/core0/a0/des0/lf2d689afa99d0d626f608c2120f93acd_reg[16]/C is not reached by a timing clock
Related violations: <none>

TIMING-17#321 Critical Warning
Non-clocked sequential cell  
The clock pin design_1_i/okt_top_0/inst/cu_inst/okHI/core0/core0/a0/des0/lf2d689afa99d0d626f608c2120f93acd_reg[17]/C is not reached by a timing clock
Related violations: <none>

TIMING-17#322 Critical Warning
Non-clocked sequential cell  
The clock pin design_1_i/okt_top_0/inst/cu_inst/okHI/core0/core0/a0/des0/lf2d689afa99d0d626f608c2120f93acd_reg[18]/C is not reached by a timing clock
Related violations: <none>

TIMING-17#323 Critical Warning
Non-clocked sequential cell  
The clock pin design_1_i/okt_top_0/inst/cu_inst/okHI/core0/core0/a0/des0/lf2d689afa99d0d626f608c2120f93acd_reg[19]/C is not reached by a timing clock
Related violations: <none>

TIMING-17#324 Critical Warning
Non-clocked sequential cell  
The clock pin design_1_i/okt_top_0/inst/cu_inst/okHI/core0/core0/a0/des0/lf2d689afa99d0d626f608c2120f93acd_reg[1]/C is not reached by a timing clock
Related violations: <none>

TIMING-17#325 Critical Warning
Non-clocked sequential cell  
The clock pin design_1_i/okt_top_0/inst/cu_inst/okHI/core0/core0/a0/des0/lf2d689afa99d0d626f608c2120f93acd_reg[20]/C is not reached by a timing clock
Related violations: <none>

TIMING-17#326 Critical Warning
Non-clocked sequential cell  
The clock pin design_1_i/okt_top_0/inst/cu_inst/okHI/core0/core0/a0/des0/lf2d689afa99d0d626f608c2120f93acd_reg[21]/C is not reached by a timing clock
Related violations: <none>

TIMING-17#327 Critical Warning
Non-clocked sequential cell  
The clock pin design_1_i/okt_top_0/inst/cu_inst/okHI/core0/core0/a0/des0/lf2d689afa99d0d626f608c2120f93acd_reg[22]/C is not reached by a timing clock
Related violations: <none>

TIMING-17#328 Critical Warning
Non-clocked sequential cell  
The clock pin design_1_i/okt_top_0/inst/cu_inst/okHI/core0/core0/a0/des0/lf2d689afa99d0d626f608c2120f93acd_reg[23]/C is not reached by a timing clock
Related violations: <none>

TIMING-17#329 Critical Warning
Non-clocked sequential cell  
The clock pin design_1_i/okt_top_0/inst/cu_inst/okHI/core0/core0/a0/des0/lf2d689afa99d0d626f608c2120f93acd_reg[24]/C is not reached by a timing clock
Related violations: <none>

TIMING-17#330 Critical Warning
Non-clocked sequential cell  
The clock pin design_1_i/okt_top_0/inst/cu_inst/okHI/core0/core0/a0/des0/lf2d689afa99d0d626f608c2120f93acd_reg[25]/C is not reached by a timing clock
Related violations: <none>

TIMING-17#331 Critical Warning
Non-clocked sequential cell  
The clock pin design_1_i/okt_top_0/inst/cu_inst/okHI/core0/core0/a0/des0/lf2d689afa99d0d626f608c2120f93acd_reg[26]/C is not reached by a timing clock
Related violations: <none>

TIMING-17#332 Critical Warning
Non-clocked sequential cell  
The clock pin design_1_i/okt_top_0/inst/cu_inst/okHI/core0/core0/a0/des0/lf2d689afa99d0d626f608c2120f93acd_reg[27]/C is not reached by a timing clock
Related violations: <none>

TIMING-17#333 Critical Warning
Non-clocked sequential cell  
The clock pin design_1_i/okt_top_0/inst/cu_inst/okHI/core0/core0/a0/des0/lf2d689afa99d0d626f608c2120f93acd_reg[28]/C is not reached by a timing clock
Related violations: <none>

TIMING-17#334 Critical Warning
Non-clocked sequential cell  
The clock pin design_1_i/okt_top_0/inst/cu_inst/okHI/core0/core0/a0/des0/lf2d689afa99d0d626f608c2120f93acd_reg[29]/C is not reached by a timing clock
Related violations: <none>

TIMING-17#335 Critical Warning
Non-clocked sequential cell  
The clock pin design_1_i/okt_top_0/inst/cu_inst/okHI/core0/core0/a0/des0/lf2d689afa99d0d626f608c2120f93acd_reg[2]/C is not reached by a timing clock
Related violations: <none>

TIMING-17#336 Critical Warning
Non-clocked sequential cell  
The clock pin design_1_i/okt_top_0/inst/cu_inst/okHI/core0/core0/a0/des0/lf2d689afa99d0d626f608c2120f93acd_reg[30]/C is not reached by a timing clock
Related violations: <none>

TIMING-17#337 Critical Warning
Non-clocked sequential cell  
The clock pin design_1_i/okt_top_0/inst/cu_inst/okHI/core0/core0/a0/des0/lf2d689afa99d0d626f608c2120f93acd_reg[31]/C is not reached by a timing clock
Related violations: <none>

TIMING-17#338 Critical Warning
Non-clocked sequential cell  
The clock pin design_1_i/okt_top_0/inst/cu_inst/okHI/core0/core0/a0/des0/lf2d689afa99d0d626f608c2120f93acd_reg[32]/C is not reached by a timing clock
Related violations: <none>

TIMING-17#339 Critical Warning
Non-clocked sequential cell  
The clock pin design_1_i/okt_top_0/inst/cu_inst/okHI/core0/core0/a0/des0/lf2d689afa99d0d626f608c2120f93acd_reg[3]/C is not reached by a timing clock
Related violations: <none>

TIMING-17#340 Critical Warning
Non-clocked sequential cell  
The clock pin design_1_i/okt_top_0/inst/cu_inst/okHI/core0/core0/a0/des0/lf2d689afa99d0d626f608c2120f93acd_reg[4]/C is not reached by a timing clock
Related violations: <none>

TIMING-17#341 Critical Warning
Non-clocked sequential cell  
The clock pin design_1_i/okt_top_0/inst/cu_inst/okHI/core0/core0/a0/des0/lf2d689afa99d0d626f608c2120f93acd_reg[5]/C is not reached by a timing clock
Related violations: <none>

TIMING-17#342 Critical Warning
Non-clocked sequential cell  
The clock pin design_1_i/okt_top_0/inst/cu_inst/okHI/core0/core0/a0/des0/lf2d689afa99d0d626f608c2120f93acd_reg[6]/C is not reached by a timing clock
Related violations: <none>

TIMING-17#343 Critical Warning
Non-clocked sequential cell  
The clock pin design_1_i/okt_top_0/inst/cu_inst/okHI/core0/core0/a0/des0/lf2d689afa99d0d626f608c2120f93acd_reg[7]/C is not reached by a timing clock
Related violations: <none>

TIMING-17#344 Critical Warning
Non-clocked sequential cell  
The clock pin design_1_i/okt_top_0/inst/cu_inst/okHI/core0/core0/a0/des0/lf2d689afa99d0d626f608c2120f93acd_reg[8]/C is not reached by a timing clock
Related violations: <none>

TIMING-17#345 Critical Warning
Non-clocked sequential cell  
The clock pin design_1_i/okt_top_0/inst/cu_inst/okHI/core0/core0/a0/des0/lf2d689afa99d0d626f608c2120f93acd_reg[9]/C is not reached by a timing clock
Related violations: <none>

TIMING-17#346 Critical Warning
Non-clocked sequential cell  
The clock pin design_1_i/okt_top_0/inst/cu_inst/okHI/core0/core0/a0/l0c94b19b36beba84283b1c1a65aa73f3_reg[0]/C is not reached by a timing clock
Related violations: <none>

TIMING-17#347 Critical Warning
Non-clocked sequential cell  
The clock pin design_1_i/okt_top_0/inst/cu_inst/okHI/core0/core0/a0/l0c94b19b36beba84283b1c1a65aa73f3_reg[10]/C is not reached by a timing clock
Related violations: <none>

TIMING-17#348 Critical Warning
Non-clocked sequential cell  
The clock pin design_1_i/okt_top_0/inst/cu_inst/okHI/core0/core0/a0/l0c94b19b36beba84283b1c1a65aa73f3_reg[11]/C is not reached by a timing clock
Related violations: <none>

TIMING-17#349 Critical Warning
Non-clocked sequential cell  
The clock pin design_1_i/okt_top_0/inst/cu_inst/okHI/core0/core0/a0/l0c94b19b36beba84283b1c1a65aa73f3_reg[12]/C is not reached by a timing clock
Related violations: <none>

TIMING-17#350 Critical Warning
Non-clocked sequential cell  
The clock pin design_1_i/okt_top_0/inst/cu_inst/okHI/core0/core0/a0/l0c94b19b36beba84283b1c1a65aa73f3_reg[13]/C is not reached by a timing clock
Related violations: <none>

TIMING-17#351 Critical Warning
Non-clocked sequential cell  
The clock pin design_1_i/okt_top_0/inst/cu_inst/okHI/core0/core0/a0/l0c94b19b36beba84283b1c1a65aa73f3_reg[14]/C is not reached by a timing clock
Related violations: <none>

TIMING-17#352 Critical Warning
Non-clocked sequential cell  
The clock pin design_1_i/okt_top_0/inst/cu_inst/okHI/core0/core0/a0/l0c94b19b36beba84283b1c1a65aa73f3_reg[15]/C is not reached by a timing clock
Related violations: <none>

TIMING-17#353 Critical Warning
Non-clocked sequential cell  
The clock pin design_1_i/okt_top_0/inst/cu_inst/okHI/core0/core0/a0/l0c94b19b36beba84283b1c1a65aa73f3_reg[16]/C is not reached by a timing clock
Related violations: <none>

TIMING-17#354 Critical Warning
Non-clocked sequential cell  
The clock pin design_1_i/okt_top_0/inst/cu_inst/okHI/core0/core0/a0/l0c94b19b36beba84283b1c1a65aa73f3_reg[17]/C is not reached by a timing clock
Related violations: <none>

TIMING-17#355 Critical Warning
Non-clocked sequential cell  
The clock pin design_1_i/okt_top_0/inst/cu_inst/okHI/core0/core0/a0/l0c94b19b36beba84283b1c1a65aa73f3_reg[18]/C is not reached by a timing clock
Related violations: <none>

TIMING-17#356 Critical Warning
Non-clocked sequential cell  
The clock pin design_1_i/okt_top_0/inst/cu_inst/okHI/core0/core0/a0/l0c94b19b36beba84283b1c1a65aa73f3_reg[19]/C is not reached by a timing clock
Related violations: <none>

TIMING-17#357 Critical Warning
Non-clocked sequential cell  
The clock pin design_1_i/okt_top_0/inst/cu_inst/okHI/core0/core0/a0/l0c94b19b36beba84283b1c1a65aa73f3_reg[1]/C is not reached by a timing clock
Related violations: <none>

TIMING-17#358 Critical Warning
Non-clocked sequential cell  
The clock pin design_1_i/okt_top_0/inst/cu_inst/okHI/core0/core0/a0/l0c94b19b36beba84283b1c1a65aa73f3_reg[20]/C is not reached by a timing clock
Related violations: <none>

TIMING-17#359 Critical Warning
Non-clocked sequential cell  
The clock pin design_1_i/okt_top_0/inst/cu_inst/okHI/core0/core0/a0/l0c94b19b36beba84283b1c1a65aa73f3_reg[21]/C is not reached by a timing clock
Related violations: <none>

TIMING-17#360 Critical Warning
Non-clocked sequential cell  
The clock pin design_1_i/okt_top_0/inst/cu_inst/okHI/core0/core0/a0/l0c94b19b36beba84283b1c1a65aa73f3_reg[22]/C is not reached by a timing clock
Related violations: <none>

TIMING-17#361 Critical Warning
Non-clocked sequential cell  
The clock pin design_1_i/okt_top_0/inst/cu_inst/okHI/core0/core0/a0/l0c94b19b36beba84283b1c1a65aa73f3_reg[23]/C is not reached by a timing clock
Related violations: <none>

TIMING-17#362 Critical Warning
Non-clocked sequential cell  
The clock pin design_1_i/okt_top_0/inst/cu_inst/okHI/core0/core0/a0/l0c94b19b36beba84283b1c1a65aa73f3_reg[24]/C is not reached by a timing clock
Related violations: <none>

TIMING-17#363 Critical Warning
Non-clocked sequential cell  
The clock pin design_1_i/okt_top_0/inst/cu_inst/okHI/core0/core0/a0/l0c94b19b36beba84283b1c1a65aa73f3_reg[25]/C is not reached by a timing clock
Related violations: <none>

TIMING-17#364 Critical Warning
Non-clocked sequential cell  
The clock pin design_1_i/okt_top_0/inst/cu_inst/okHI/core0/core0/a0/l0c94b19b36beba84283b1c1a65aa73f3_reg[26]/C is not reached by a timing clock
Related violations: <none>

TIMING-17#365 Critical Warning
Non-clocked sequential cell  
The clock pin design_1_i/okt_top_0/inst/cu_inst/okHI/core0/core0/a0/l0c94b19b36beba84283b1c1a65aa73f3_reg[27]/C is not reached by a timing clock
Related violations: <none>

TIMING-17#366 Critical Warning
Non-clocked sequential cell  
The clock pin design_1_i/okt_top_0/inst/cu_inst/okHI/core0/core0/a0/l0c94b19b36beba84283b1c1a65aa73f3_reg[28]/C is not reached by a timing clock
Related violations: <none>

TIMING-17#367 Critical Warning
Non-clocked sequential cell  
The clock pin design_1_i/okt_top_0/inst/cu_inst/okHI/core0/core0/a0/l0c94b19b36beba84283b1c1a65aa73f3_reg[29]/C is not reached by a timing clock
Related violations: <none>

TIMING-17#368 Critical Warning
Non-clocked sequential cell  
The clock pin design_1_i/okt_top_0/inst/cu_inst/okHI/core0/core0/a0/l0c94b19b36beba84283b1c1a65aa73f3_reg[2]/C is not reached by a timing clock
Related violations: <none>

TIMING-17#369 Critical Warning
Non-clocked sequential cell  
The clock pin design_1_i/okt_top_0/inst/cu_inst/okHI/core0/core0/a0/l0c94b19b36beba84283b1c1a65aa73f3_reg[30]/C is not reached by a timing clock
Related violations: <none>

TIMING-17#370 Critical Warning
Non-clocked sequential cell  
The clock pin design_1_i/okt_top_0/inst/cu_inst/okHI/core0/core0/a0/l0c94b19b36beba84283b1c1a65aa73f3_reg[31]/C is not reached by a timing clock
Related violations: <none>

TIMING-17#371 Critical Warning
Non-clocked sequential cell  
The clock pin design_1_i/okt_top_0/inst/cu_inst/okHI/core0/core0/a0/l0c94b19b36beba84283b1c1a65aa73f3_reg[3]/C is not reached by a timing clock
Related violations: <none>

TIMING-17#372 Critical Warning
Non-clocked sequential cell  
The clock pin design_1_i/okt_top_0/inst/cu_inst/okHI/core0/core0/a0/l0c94b19b36beba84283b1c1a65aa73f3_reg[4]/C is not reached by a timing clock
Related violations: <none>

TIMING-17#373 Critical Warning
Non-clocked sequential cell  
The clock pin design_1_i/okt_top_0/inst/cu_inst/okHI/core0/core0/a0/l0c94b19b36beba84283b1c1a65aa73f3_reg[5]/C is not reached by a timing clock
Related violations: <none>

TIMING-17#374 Critical Warning
Non-clocked sequential cell  
The clock pin design_1_i/okt_top_0/inst/cu_inst/okHI/core0/core0/a0/l0c94b19b36beba84283b1c1a65aa73f3_reg[6]/C is not reached by a timing clock
Related violations: <none>

TIMING-17#375 Critical Warning
Non-clocked sequential cell  
The clock pin design_1_i/okt_top_0/inst/cu_inst/okHI/core0/core0/a0/l0c94b19b36beba84283b1c1a65aa73f3_reg[7]/C is not reached by a timing clock
Related violations: <none>

TIMING-17#376 Critical Warning
Non-clocked sequential cell  
The clock pin design_1_i/okt_top_0/inst/cu_inst/okHI/core0/core0/a0/l0c94b19b36beba84283b1c1a65aa73f3_reg[8]/C is not reached by a timing clock
Related violations: <none>

TIMING-17#377 Critical Warning
Non-clocked sequential cell  
The clock pin design_1_i/okt_top_0/inst/cu_inst/okHI/core0/core0/a0/l0c94b19b36beba84283b1c1a65aa73f3_reg[9]/C is not reached by a timing clock
Related violations: <none>

TIMING-17#378 Critical Warning
Non-clocked sequential cell  
The clock pin design_1_i/okt_top_0/inst/cu_inst/okHI/core0/core0/a0/l1c5ccc5ef4a526b8744d6b59c1d01a1b_reg/C is not reached by a timing clock
Related violations: <none>

TIMING-17#379 Critical Warning
Non-clocked sequential cell  
The clock pin design_1_i/okt_top_0/inst/cu_inst/okHI/core0/core0/a0/l2ea20270d337eab6cb934503673af7d6_reg/C is not reached by a timing clock
Related violations: <none>

TIMING-17#380 Critical Warning
Non-clocked sequential cell  
The clock pin design_1_i/okt_top_0/inst/cu_inst/okHI/core0/core0/a0/l37dbd1aafb403530c46407234a8f7286_reg[0]/C is not reached by a timing clock
Related violations: <none>

TIMING-17#381 Critical Warning
Non-clocked sequential cell  
The clock pin design_1_i/okt_top_0/inst/cu_inst/okHI/core0/core0/a0/l37dbd1aafb403530c46407234a8f7286_reg[1]/C is not reached by a timing clock
Related violations: <none>

TIMING-17#382 Critical Warning
Non-clocked sequential cell  
The clock pin design_1_i/okt_top_0/inst/cu_inst/okHI/core0/core0/a0/l37dbd1aafb403530c46407234a8f7286_reg[2]/C is not reached by a timing clock
Related violations: <none>

TIMING-17#383 Critical Warning
Non-clocked sequential cell  
The clock pin design_1_i/okt_top_0/inst/cu_inst/okHI/core0/core0/a0/l37dbd1aafb403530c46407234a8f7286_reg[3]/C is not reached by a timing clock
Related violations: <none>

TIMING-17#384 Critical Warning
Non-clocked sequential cell  
The clock pin design_1_i/okt_top_0/inst/cu_inst/okHI/core0/core0/a0/l37dbd1aafb403530c46407234a8f7286_reg[4]/C is not reached by a timing clock
Related violations: <none>

TIMING-17#385 Critical Warning
Non-clocked sequential cell  
The clock pin design_1_i/okt_top_0/inst/cu_inst/okHI/core0/core0/a0/l37dbd1aafb403530c46407234a8f7286_reg[5]/C is not reached by a timing clock
Related violations: <none>

TIMING-17#386 Critical Warning
Non-clocked sequential cell  
The clock pin design_1_i/okt_top_0/inst/cu_inst/okHI/core0/core0/a0/l37dbd1aafb403530c46407234a8f7286_reg[6]/C is not reached by a timing clock
Related violations: <none>

TIMING-17#387 Critical Warning
Non-clocked sequential cell  
The clock pin design_1_i/okt_top_0/inst/cu_inst/okHI/core0/core0/a0/l37dbd1aafb403530c46407234a8f7286_reg[7]/C is not reached by a timing clock
Related violations: <none>

TIMING-17#388 Critical Warning
Non-clocked sequential cell  
The clock pin design_1_i/okt_top_0/inst/cu_inst/okHI/core0/core0/a0/l3ef837e59a131545b35a9a1962086cbf_reg/C is not reached by a timing clock
Related violations: <none>

TIMING-17#389 Critical Warning
Non-clocked sequential cell  
The clock pin design_1_i/okt_top_0/inst/cu_inst/okHI/core0/core0/a0/l4f8cd1ab062f5571ff66db47e3d281bf_reg[0]/C is not reached by a timing clock
Related violations: <none>

TIMING-17#390 Critical Warning
Non-clocked sequential cell  
The clock pin design_1_i/okt_top_0/inst/cu_inst/okHI/core0/core0/a0/l4f8cd1ab062f5571ff66db47e3d281bf_reg[10]/C is not reached by a timing clock
Related violations: <none>

TIMING-17#391 Critical Warning
Non-clocked sequential cell  
The clock pin design_1_i/okt_top_0/inst/cu_inst/okHI/core0/core0/a0/l4f8cd1ab062f5571ff66db47e3d281bf_reg[11]/C is not reached by a timing clock
Related violations: <none>

TIMING-17#392 Critical Warning
Non-clocked sequential cell  
The clock pin design_1_i/okt_top_0/inst/cu_inst/okHI/core0/core0/a0/l4f8cd1ab062f5571ff66db47e3d281bf_reg[12]/C is not reached by a timing clock
Related violations: <none>

TIMING-17#393 Critical Warning
Non-clocked sequential cell  
The clock pin design_1_i/okt_top_0/inst/cu_inst/okHI/core0/core0/a0/l4f8cd1ab062f5571ff66db47e3d281bf_reg[13]/C is not reached by a timing clock
Related violations: <none>

TIMING-17#394 Critical Warning
Non-clocked sequential cell  
The clock pin design_1_i/okt_top_0/inst/cu_inst/okHI/core0/core0/a0/l4f8cd1ab062f5571ff66db47e3d281bf_reg[14]/C is not reached by a timing clock
Related violations: <none>

TIMING-17#395 Critical Warning
Non-clocked sequential cell  
The clock pin design_1_i/okt_top_0/inst/cu_inst/okHI/core0/core0/a0/l4f8cd1ab062f5571ff66db47e3d281bf_reg[15]/C is not reached by a timing clock
Related violations: <none>

TIMING-17#396 Critical Warning
Non-clocked sequential cell  
The clock pin design_1_i/okt_top_0/inst/cu_inst/okHI/core0/core0/a0/l4f8cd1ab062f5571ff66db47e3d281bf_reg[16]/C is not reached by a timing clock
Related violations: <none>

TIMING-17#397 Critical Warning
Non-clocked sequential cell  
The clock pin design_1_i/okt_top_0/inst/cu_inst/okHI/core0/core0/a0/l4f8cd1ab062f5571ff66db47e3d281bf_reg[17]/C is not reached by a timing clock
Related violations: <none>

TIMING-17#398 Critical Warning
Non-clocked sequential cell  
The clock pin design_1_i/okt_top_0/inst/cu_inst/okHI/core0/core0/a0/l4f8cd1ab062f5571ff66db47e3d281bf_reg[18]/C is not reached by a timing clock
Related violations: <none>

TIMING-17#399 Critical Warning
Non-clocked sequential cell  
The clock pin design_1_i/okt_top_0/inst/cu_inst/okHI/core0/core0/a0/l4f8cd1ab062f5571ff66db47e3d281bf_reg[19]/C is not reached by a timing clock
Related violations: <none>

TIMING-17#400 Critical Warning
Non-clocked sequential cell  
The clock pin design_1_i/okt_top_0/inst/cu_inst/okHI/core0/core0/a0/l4f8cd1ab062f5571ff66db47e3d281bf_reg[1]/C is not reached by a timing clock
Related violations: <none>

TIMING-17#401 Critical Warning
Non-clocked sequential cell  
The clock pin design_1_i/okt_top_0/inst/cu_inst/okHI/core0/core0/a0/l4f8cd1ab062f5571ff66db47e3d281bf_reg[2]/C is not reached by a timing clock
Related violations: <none>

TIMING-17#402 Critical Warning
Non-clocked sequential cell  
The clock pin design_1_i/okt_top_0/inst/cu_inst/okHI/core0/core0/a0/l4f8cd1ab062f5571ff66db47e3d281bf_reg[3]/C is not reached by a timing clock
Related violations: <none>

TIMING-17#403 Critical Warning
Non-clocked sequential cell  
The clock pin design_1_i/okt_top_0/inst/cu_inst/okHI/core0/core0/a0/l4f8cd1ab062f5571ff66db47e3d281bf_reg[4]/C is not reached by a timing clock
Related violations: <none>

TIMING-17#404 Critical Warning
Non-clocked sequential cell  
The clock pin design_1_i/okt_top_0/inst/cu_inst/okHI/core0/core0/a0/l4f8cd1ab062f5571ff66db47e3d281bf_reg[5]/C is not reached by a timing clock
Related violations: <none>

TIMING-17#405 Critical Warning
Non-clocked sequential cell  
The clock pin design_1_i/okt_top_0/inst/cu_inst/okHI/core0/core0/a0/l4f8cd1ab062f5571ff66db47e3d281bf_reg[6]/C is not reached by a timing clock
Related violations: <none>

TIMING-17#406 Critical Warning
Non-clocked sequential cell  
The clock pin design_1_i/okt_top_0/inst/cu_inst/okHI/core0/core0/a0/l4f8cd1ab062f5571ff66db47e3d281bf_reg[7]/C is not reached by a timing clock
Related violations: <none>

TIMING-17#407 Critical Warning
Non-clocked sequential cell  
The clock pin design_1_i/okt_top_0/inst/cu_inst/okHI/core0/core0/a0/l4f8cd1ab062f5571ff66db47e3d281bf_reg[8]/C is not reached by a timing clock
Related violations: <none>

TIMING-17#408 Critical Warning
Non-clocked sequential cell  
The clock pin design_1_i/okt_top_0/inst/cu_inst/okHI/core0/core0/a0/l4f8cd1ab062f5571ff66db47e3d281bf_reg[9]/C is not reached by a timing clock
Related violations: <none>

TIMING-17#409 Critical Warning
Non-clocked sequential cell  
The clock pin design_1_i/okt_top_0/inst/cu_inst/okHI/core0/core0/a0/l62a5479e7989ce7f4d5507c695cc69cf_reg/C is not reached by a timing clock
Related violations: <none>

TIMING-17#410 Critical Warning
Non-clocked sequential cell  
The clock pin design_1_i/okt_top_0/inst/cu_inst/okHI/core0/core0/a0/l8733ba0cb25077d8c78e1b1549a80eef_reg/C is not reached by a timing clock
Related violations: <none>

TIMING-17#411 Critical Warning
Non-clocked sequential cell  
The clock pin design_1_i/okt_top_0/inst/cu_inst/okHI/core0/core0/a0/l885bbeb94996347da66a8546671e4990_reg[0]/C is not reached by a timing clock
Related violations: <none>

TIMING-17#412 Critical Warning
Non-clocked sequential cell  
The clock pin design_1_i/okt_top_0/inst/cu_inst/okHI/core0/core0/a0/l885bbeb94996347da66a8546671e4990_reg[10]/C is not reached by a timing clock
Related violations: <none>

TIMING-17#413 Critical Warning
Non-clocked sequential cell  
The clock pin design_1_i/okt_top_0/inst/cu_inst/okHI/core0/core0/a0/l885bbeb94996347da66a8546671e4990_reg[11]/C is not reached by a timing clock
Related violations: <none>

TIMING-17#414 Critical Warning
Non-clocked sequential cell  
The clock pin design_1_i/okt_top_0/inst/cu_inst/okHI/core0/core0/a0/l885bbeb94996347da66a8546671e4990_reg[12]/C is not reached by a timing clock
Related violations: <none>

TIMING-17#415 Critical Warning
Non-clocked sequential cell  
The clock pin design_1_i/okt_top_0/inst/cu_inst/okHI/core0/core0/a0/l885bbeb94996347da66a8546671e4990_reg[13]/C is not reached by a timing clock
Related violations: <none>

TIMING-17#416 Critical Warning
Non-clocked sequential cell  
The clock pin design_1_i/okt_top_0/inst/cu_inst/okHI/core0/core0/a0/l885bbeb94996347da66a8546671e4990_reg[14]/C is not reached by a timing clock
Related violations: <none>

TIMING-17#417 Critical Warning
Non-clocked sequential cell  
The clock pin design_1_i/okt_top_0/inst/cu_inst/okHI/core0/core0/a0/l885bbeb94996347da66a8546671e4990_reg[15]/C is not reached by a timing clock
Related violations: <none>

TIMING-17#418 Critical Warning
Non-clocked sequential cell  
The clock pin design_1_i/okt_top_0/inst/cu_inst/okHI/core0/core0/a0/l885bbeb94996347da66a8546671e4990_reg[16]/C is not reached by a timing clock
Related violations: <none>

TIMING-17#419 Critical Warning
Non-clocked sequential cell  
The clock pin design_1_i/okt_top_0/inst/cu_inst/okHI/core0/core0/a0/l885bbeb94996347da66a8546671e4990_reg[17]/C is not reached by a timing clock
Related violations: <none>

TIMING-17#420 Critical Warning
Non-clocked sequential cell  
The clock pin design_1_i/okt_top_0/inst/cu_inst/okHI/core0/core0/a0/l885bbeb94996347da66a8546671e4990_reg[18]/C is not reached by a timing clock
Related violations: <none>

TIMING-17#421 Critical Warning
Non-clocked sequential cell  
The clock pin design_1_i/okt_top_0/inst/cu_inst/okHI/core0/core0/a0/l885bbeb94996347da66a8546671e4990_reg[19]/C is not reached by a timing clock
Related violations: <none>

TIMING-17#422 Critical Warning
Non-clocked sequential cell  
The clock pin design_1_i/okt_top_0/inst/cu_inst/okHI/core0/core0/a0/l885bbeb94996347da66a8546671e4990_reg[1]/C is not reached by a timing clock
Related violations: <none>

TIMING-17#423 Critical Warning
Non-clocked sequential cell  
The clock pin design_1_i/okt_top_0/inst/cu_inst/okHI/core0/core0/a0/l885bbeb94996347da66a8546671e4990_reg[2]/C is not reached by a timing clock
Related violations: <none>

TIMING-17#424 Critical Warning
Non-clocked sequential cell  
The clock pin design_1_i/okt_top_0/inst/cu_inst/okHI/core0/core0/a0/l885bbeb94996347da66a8546671e4990_reg[3]/C is not reached by a timing clock
Related violations: <none>

TIMING-17#425 Critical Warning
Non-clocked sequential cell  
The clock pin design_1_i/okt_top_0/inst/cu_inst/okHI/core0/core0/a0/l885bbeb94996347da66a8546671e4990_reg[4]/C is not reached by a timing clock
Related violations: <none>

TIMING-17#426 Critical Warning
Non-clocked sequential cell  
The clock pin design_1_i/okt_top_0/inst/cu_inst/okHI/core0/core0/a0/l885bbeb94996347da66a8546671e4990_reg[5]/C is not reached by a timing clock
Related violations: <none>

TIMING-17#427 Critical Warning
Non-clocked sequential cell  
The clock pin design_1_i/okt_top_0/inst/cu_inst/okHI/core0/core0/a0/l885bbeb94996347da66a8546671e4990_reg[6]/C is not reached by a timing clock
Related violations: <none>

TIMING-17#428 Critical Warning
Non-clocked sequential cell  
The clock pin design_1_i/okt_top_0/inst/cu_inst/okHI/core0/core0/a0/l885bbeb94996347da66a8546671e4990_reg[7]/C is not reached by a timing clock
Related violations: <none>

TIMING-17#429 Critical Warning
Non-clocked sequential cell  
The clock pin design_1_i/okt_top_0/inst/cu_inst/okHI/core0/core0/a0/l885bbeb94996347da66a8546671e4990_reg[8]/C is not reached by a timing clock
Related violations: <none>

TIMING-17#430 Critical Warning
Non-clocked sequential cell  
The clock pin design_1_i/okt_top_0/inst/cu_inst/okHI/core0/core0/a0/l885bbeb94996347da66a8546671e4990_reg[9]/C is not reached by a timing clock
Related violations: <none>

TIMING-17#431 Critical Warning
Non-clocked sequential cell  
The clock pin design_1_i/okt_top_0/inst/cu_inst/okHI/core0/core0/a0/l888ab100e6439863fc67425046d77a1e_reg/C is not reached by a timing clock
Related violations: <none>

TIMING-17#432 Critical Warning
Non-clocked sequential cell  
The clock pin design_1_i/okt_top_0/inst/cu_inst/okHI/core0/core0/a0/l90ce46b343647bab4d280b5afc506219_reg/C is not reached by a timing clock
Related violations: <none>

TIMING-17#433 Critical Warning
Non-clocked sequential cell  
The clock pin design_1_i/okt_top_0/inst/cu_inst/okHI/core0/core0/a0/l981fb4281cceb5f6f6565aceb8a613b6_reg/C is not reached by a timing clock
Related violations: <none>

TIMING-17#434 Critical Warning
Non-clocked sequential cell  
The clock pin design_1_i/okt_top_0/inst/cu_inst/okHI/core0/core0/a0/l9ca09c625f64b90bed25f2b6c26f6e53_reg[0]/C is not reached by a timing clock
Related violations: <none>

TIMING-17#435 Critical Warning
Non-clocked sequential cell  
The clock pin design_1_i/okt_top_0/inst/cu_inst/okHI/core0/core0/a0/l9ca09c625f64b90bed25f2b6c26f6e53_reg[1]/C is not reached by a timing clock
Related violations: <none>

TIMING-17#436 Critical Warning
Non-clocked sequential cell  
The clock pin design_1_i/okt_top_0/inst/cu_inst/okHI/core0/core0/a0/l9ca09c625f64b90bed25f2b6c26f6e53_reg[2]/C is not reached by a timing clock
Related violations: <none>

TIMING-17#437 Critical Warning
Non-clocked sequential cell  
The clock pin design_1_i/okt_top_0/inst/cu_inst/okHI/core0/core0/a0/l9ca09c625f64b90bed25f2b6c26f6e53_reg[3]/C is not reached by a timing clock
Related violations: <none>

TIMING-17#438 Critical Warning
Non-clocked sequential cell  
The clock pin design_1_i/okt_top_0/inst/cu_inst/okHI/core0/core0/a0/la39f0fa2da4c97d33d78e5127153df61_reg/C is not reached by a timing clock
Related violations: <none>

TIMING-17#439 Critical Warning
Non-clocked sequential cell  
The clock pin design_1_i/okt_top_0/inst/cu_inst/okHI/core0/core0/a0/lc6c6ff624aff6ea81df719a632099fd5_reg/C is not reached by a timing clock
Related violations: <none>

TIMING-17#440 Critical Warning
Non-clocked sequential cell  
The clock pin design_1_i/okt_top_0/inst/cu_inst/okHI/core0/core0/a0/ld307737e57d50d07f937891de086bf8e_reg/C is not reached by a timing clock
Related violations: <none>

TIMING-17#441 Critical Warning
Non-clocked sequential cell  
The clock pin design_1_i/okt_top_0/inst/cu_inst/okHI/core0/core0/a0/le7badcf1256ff8aabbffe7a6a1b38b5f_reg_inv/C is not reached by a timing clock
Related violations: <none>

TIMING-17#442 Critical Warning
Non-clocked sequential cell  
The clock pin design_1_i/okt_top_0/inst/cu_inst/okHI/core0/core0/a0/leeb76b405f165a9b4ab0606f3ea0b3c4_reg[0]/C is not reached by a timing clock
Related violations: <none>

TIMING-17#443 Critical Warning
Non-clocked sequential cell  
The clock pin design_1_i/okt_top_0/inst/cu_inst/okHI/core0/core0/a0/leeb76b405f165a9b4ab0606f3ea0b3c4_reg[1]/C is not reached by a timing clock
Related violations: <none>

TIMING-17#444 Critical Warning
Non-clocked sequential cell  
The clock pin design_1_i/okt_top_0/inst/cu_inst/okHI/core0/core0/a0/leeb76b405f165a9b4ab0606f3ea0b3c4_reg[2]/C is not reached by a timing clock
Related violations: <none>

TIMING-17#445 Critical Warning
Non-clocked sequential cell  
The clock pin design_1_i/okt_top_0/inst/cu_inst/okHI/core0/core0/a0/leeb76b405f165a9b4ab0606f3ea0b3c4_reg[3]/C is not reached by a timing clock
Related violations: <none>

TIMING-17#446 Critical Warning
Non-clocked sequential cell  
The clock pin design_1_i/okt_top_0/inst/cu_inst/okHI/core0/core0/a0/leeb76b405f165a9b4ab0606f3ea0b3c4_reg[4]/C is not reached by a timing clock
Related violations: <none>

TIMING-17#447 Critical Warning
Non-clocked sequential cell  
The clock pin design_1_i/okt_top_0/inst/cu_inst/okHI/core0/core0/a0/leeb76b405f165a9b4ab0606f3ea0b3c4_reg[5]/C is not reached by a timing clock
Related violations: <none>

TIMING-17#448 Critical Warning
Non-clocked sequential cell  
The clock pin design_1_i/okt_top_0/inst/cu_inst/okHI/core0/core0/a0/leeb76b405f165a9b4ab0606f3ea0b3c4_reg[6]/C is not reached by a timing clock
Related violations: <none>

TIMING-17#449 Critical Warning
Non-clocked sequential cell  
The clock pin design_1_i/okt_top_0/inst/cu_inst/okHI/core0/core0/a0/leeb76b405f165a9b4ab0606f3ea0b3c4_reg[7]/C is not reached by a timing clock
Related violations: <none>

TIMING-17#450 Critical Warning
Non-clocked sequential cell  
The clock pin design_1_i/okt_top_0/inst/cu_inst/okHI/core0/core0/a0/pc0/address_loop[0].pc_flop/C is not reached by a timing clock
Related violations: <none>

TIMING-17#451 Critical Warning
Non-clocked sequential cell  
The clock pin design_1_i/okt_top_0/inst/cu_inst/okHI/core0/core0/a0/pc0/address_loop[0].return_vector_flop/C is not reached by a timing clock
Related violations: <none>

TIMING-17#452 Critical Warning
Non-clocked sequential cell  
The clock pin design_1_i/okt_top_0/inst/cu_inst/okHI/core0/core0/a0/pc0/address_loop[10].pc_flop/C is not reached by a timing clock
Related violations: <none>

TIMING-17#453 Critical Warning
Non-clocked sequential cell  
The clock pin design_1_i/okt_top_0/inst/cu_inst/okHI/core0/core0/a0/pc0/address_loop[10].return_vector_flop/C is not reached by a timing clock
Related violations: <none>

TIMING-17#454 Critical Warning
Non-clocked sequential cell  
The clock pin design_1_i/okt_top_0/inst/cu_inst/okHI/core0/core0/a0/pc0/address_loop[11].pc_flop/C is not reached by a timing clock
Related violations: <none>

TIMING-17#455 Critical Warning
Non-clocked sequential cell  
The clock pin design_1_i/okt_top_0/inst/cu_inst/okHI/core0/core0/a0/pc0/address_loop[11].return_vector_flop/C is not reached by a timing clock
Related violations: <none>

TIMING-17#456 Critical Warning
Non-clocked sequential cell  
The clock pin design_1_i/okt_top_0/inst/cu_inst/okHI/core0/core0/a0/pc0/address_loop[1].pc_flop/C is not reached by a timing clock
Related violations: <none>

TIMING-17#457 Critical Warning
Non-clocked sequential cell  
The clock pin design_1_i/okt_top_0/inst/cu_inst/okHI/core0/core0/a0/pc0/address_loop[1].return_vector_flop/C is not reached by a timing clock
Related violations: <none>

TIMING-17#458 Critical Warning
Non-clocked sequential cell  
The clock pin design_1_i/okt_top_0/inst/cu_inst/okHI/core0/core0/a0/pc0/address_loop[2].pc_flop/C is not reached by a timing clock
Related violations: <none>

TIMING-17#459 Critical Warning
Non-clocked sequential cell  
The clock pin design_1_i/okt_top_0/inst/cu_inst/okHI/core0/core0/a0/pc0/address_loop[2].return_vector_flop/C is not reached by a timing clock
Related violations: <none>

TIMING-17#460 Critical Warning
Non-clocked sequential cell  
The clock pin design_1_i/okt_top_0/inst/cu_inst/okHI/core0/core0/a0/pc0/address_loop[3].pc_flop/C is not reached by a timing clock
Related violations: <none>

TIMING-17#461 Critical Warning
Non-clocked sequential cell  
The clock pin design_1_i/okt_top_0/inst/cu_inst/okHI/core0/core0/a0/pc0/address_loop[3].return_vector_flop/C is not reached by a timing clock
Related violations: <none>

TIMING-17#462 Critical Warning
Non-clocked sequential cell  
The clock pin design_1_i/okt_top_0/inst/cu_inst/okHI/core0/core0/a0/pc0/address_loop[4].pc_flop/C is not reached by a timing clock
Related violations: <none>

TIMING-17#463 Critical Warning
Non-clocked sequential cell  
The clock pin design_1_i/okt_top_0/inst/cu_inst/okHI/core0/core0/a0/pc0/address_loop[4].return_vector_flop/C is not reached by a timing clock
Related violations: <none>

TIMING-17#464 Critical Warning
Non-clocked sequential cell  
The clock pin design_1_i/okt_top_0/inst/cu_inst/okHI/core0/core0/a0/pc0/address_loop[5].pc_flop/C is not reached by a timing clock
Related violations: <none>

TIMING-17#465 Critical Warning
Non-clocked sequential cell  
The clock pin design_1_i/okt_top_0/inst/cu_inst/okHI/core0/core0/a0/pc0/address_loop[5].return_vector_flop/C is not reached by a timing clock
Related violations: <none>

TIMING-17#466 Critical Warning
Non-clocked sequential cell  
The clock pin design_1_i/okt_top_0/inst/cu_inst/okHI/core0/core0/a0/pc0/address_loop[6].pc_flop/C is not reached by a timing clock
Related violations: <none>

TIMING-17#467 Critical Warning
Non-clocked sequential cell  
The clock pin design_1_i/okt_top_0/inst/cu_inst/okHI/core0/core0/a0/pc0/address_loop[6].return_vector_flop/C is not reached by a timing clock
Related violations: <none>

TIMING-17#468 Critical Warning
Non-clocked sequential cell  
The clock pin design_1_i/okt_top_0/inst/cu_inst/okHI/core0/core0/a0/pc0/address_loop[7].pc_flop/C is not reached by a timing clock
Related violations: <none>

TIMING-17#469 Critical Warning
Non-clocked sequential cell  
The clock pin design_1_i/okt_top_0/inst/cu_inst/okHI/core0/core0/a0/pc0/address_loop[7].return_vector_flop/C is not reached by a timing clock
Related violations: <none>

TIMING-17#470 Critical Warning
Non-clocked sequential cell  
The clock pin design_1_i/okt_top_0/inst/cu_inst/okHI/core0/core0/a0/pc0/address_loop[8].pc_flop/C is not reached by a timing clock
Related violations: <none>

TIMING-17#471 Critical Warning
Non-clocked sequential cell  
The clock pin design_1_i/okt_top_0/inst/cu_inst/okHI/core0/core0/a0/pc0/address_loop[8].return_vector_flop/C is not reached by a timing clock
Related violations: <none>

TIMING-17#472 Critical Warning
Non-clocked sequential cell  
The clock pin design_1_i/okt_top_0/inst/cu_inst/okHI/core0/core0/a0/pc0/address_loop[9].pc_flop/C is not reached by a timing clock
Related violations: <none>

TIMING-17#473 Critical Warning
Non-clocked sequential cell  
The clock pin design_1_i/okt_top_0/inst/cu_inst/okHI/core0/core0/a0/pc0/address_loop[9].return_vector_flop/C is not reached by a timing clock
Related violations: <none>

TIMING-17#474 Critical Warning
Non-clocked sequential cell  
The clock pin design_1_i/okt_top_0/inst/cu_inst/okHI/core0/core0/a0/pc0/alu_mux_sel0_flop/C is not reached by a timing clock
Related violations: <none>

TIMING-17#475 Critical Warning
Non-clocked sequential cell  
The clock pin design_1_i/okt_top_0/inst/cu_inst/okHI/core0/core0/a0/pc0/alu_mux_sel1_flop/C is not reached by a timing clock
Related violations: <none>

TIMING-17#476 Critical Warning
Non-clocked sequential cell  
The clock pin design_1_i/okt_top_0/inst/cu_inst/okHI/core0/core0/a0/pc0/arith_carry_flop/C is not reached by a timing clock
Related violations: <none>

TIMING-17#477 Critical Warning
Non-clocked sequential cell  
The clock pin design_1_i/okt_top_0/inst/cu_inst/okHI/core0/core0/a0/pc0/bank_flop/C is not reached by a timing clock
Related violations: <none>

TIMING-17#478 Critical Warning
Non-clocked sequential cell  
The clock pin design_1_i/okt_top_0/inst/cu_inst/okHI/core0/core0/a0/pc0/carry_flag_flop/C is not reached by a timing clock
Related violations: <none>

TIMING-17#479 Critical Warning
Non-clocked sequential cell  
The clock pin design_1_i/okt_top_0/inst/cu_inst/okHI/core0/core0/a0/pc0/data_path_loop[0].arith_logical_flop/C is not reached by a timing clock
Related violations: <none>

TIMING-17#480 Critical Warning
Non-clocked sequential cell  
The clock pin design_1_i/okt_top_0/inst/cu_inst/okHI/core0/core0/a0/pc0/data_path_loop[0].low_hwbuild.shift_rotate_flop/C is not reached by a timing clock
Related violations: <none>

TIMING-17#481 Critical Warning
Non-clocked sequential cell  
The clock pin design_1_i/okt_top_0/inst/cu_inst/okHI/core0/core0/a0/pc0/data_path_loop[0].medium_spm.spm_flop/C is not reached by a timing clock
Related violations: <none>

TIMING-17#482 Critical Warning
Non-clocked sequential cell  
The clock pin design_1_i/okt_top_0/inst/cu_inst/okHI/core0/core0/a0/pc0/data_path_loop[0].medium_spm.spm_ram/HIGH/CLK is not reached by a timing clock
Related violations: <none>

TIMING-17#483 Critical Warning
Non-clocked sequential cell  
The clock pin design_1_i/okt_top_0/inst/cu_inst/okHI/core0/core0/a0/pc0/data_path_loop[0].medium_spm.spm_ram/LOW/CLK is not reached by a timing clock
Related violations: <none>

TIMING-17#484 Critical Warning
Non-clocked sequential cell  
The clock pin design_1_i/okt_top_0/inst/cu_inst/okHI/core0/core0/a0/pc0/data_path_loop[1].arith_logical_flop/C is not reached by a timing clock
Related violations: <none>

TIMING-17#485 Critical Warning
Non-clocked sequential cell  
The clock pin design_1_i/okt_top_0/inst/cu_inst/okHI/core0/core0/a0/pc0/data_path_loop[1].low_hwbuild.shift_rotate_flop/C is not reached by a timing clock
Related violations: <none>

TIMING-17#486 Critical Warning
Non-clocked sequential cell  
The clock pin design_1_i/okt_top_0/inst/cu_inst/okHI/core0/core0/a0/pc0/data_path_loop[1].medium_spm.spm_flop/C is not reached by a timing clock
Related violations: <none>

TIMING-17#487 Critical Warning
Non-clocked sequential cell  
The clock pin design_1_i/okt_top_0/inst/cu_inst/okHI/core0/core0/a0/pc0/data_path_loop[1].medium_spm.spm_ram/HIGH/CLK is not reached by a timing clock
Related violations: <none>

TIMING-17#488 Critical Warning
Non-clocked sequential cell  
The clock pin design_1_i/okt_top_0/inst/cu_inst/okHI/core0/core0/a0/pc0/data_path_loop[1].medium_spm.spm_ram/LOW/CLK is not reached by a timing clock
Related violations: <none>

TIMING-17#489 Critical Warning
Non-clocked sequential cell  
The clock pin design_1_i/okt_top_0/inst/cu_inst/okHI/core0/core0/a0/pc0/data_path_loop[2].arith_logical_flop/C is not reached by a timing clock
Related violations: <none>

TIMING-17#490 Critical Warning
Non-clocked sequential cell  
The clock pin design_1_i/okt_top_0/inst/cu_inst/okHI/core0/core0/a0/pc0/data_path_loop[2].low_hwbuild.shift_rotate_flop/C is not reached by a timing clock
Related violations: <none>

TIMING-17#491 Critical Warning
Non-clocked sequential cell  
The clock pin design_1_i/okt_top_0/inst/cu_inst/okHI/core0/core0/a0/pc0/data_path_loop[2].medium_spm.spm_flop/C is not reached by a timing clock
Related violations: <none>

TIMING-17#492 Critical Warning
Non-clocked sequential cell  
The clock pin design_1_i/okt_top_0/inst/cu_inst/okHI/core0/core0/a0/pc0/data_path_loop[2].medium_spm.spm_ram/HIGH/CLK is not reached by a timing clock
Related violations: <none>

TIMING-17#493 Critical Warning
Non-clocked sequential cell  
The clock pin design_1_i/okt_top_0/inst/cu_inst/okHI/core0/core0/a0/pc0/data_path_loop[2].medium_spm.spm_ram/LOW/CLK is not reached by a timing clock
Related violations: <none>

TIMING-17#494 Critical Warning
Non-clocked sequential cell  
The clock pin design_1_i/okt_top_0/inst/cu_inst/okHI/core0/core0/a0/pc0/data_path_loop[3].arith_logical_flop/C is not reached by a timing clock
Related violations: <none>

TIMING-17#495 Critical Warning
Non-clocked sequential cell  
The clock pin design_1_i/okt_top_0/inst/cu_inst/okHI/core0/core0/a0/pc0/data_path_loop[3].low_hwbuild.shift_rotate_flop/C is not reached by a timing clock
Related violations: <none>

TIMING-17#496 Critical Warning
Non-clocked sequential cell  
The clock pin design_1_i/okt_top_0/inst/cu_inst/okHI/core0/core0/a0/pc0/data_path_loop[3].medium_spm.spm_flop/C is not reached by a timing clock
Related violations: <none>

TIMING-17#497 Critical Warning
Non-clocked sequential cell  
The clock pin design_1_i/okt_top_0/inst/cu_inst/okHI/core0/core0/a0/pc0/data_path_loop[3].medium_spm.spm_ram/HIGH/CLK is not reached by a timing clock
Related violations: <none>

TIMING-17#498 Critical Warning
Non-clocked sequential cell  
The clock pin design_1_i/okt_top_0/inst/cu_inst/okHI/core0/core0/a0/pc0/data_path_loop[3].medium_spm.spm_ram/LOW/CLK is not reached by a timing clock
Related violations: <none>

TIMING-17#499 Critical Warning
Non-clocked sequential cell  
The clock pin design_1_i/okt_top_0/inst/cu_inst/okHI/core0/core0/a0/pc0/data_path_loop[4].arith_logical_flop/C is not reached by a timing clock
Related violations: <none>

TIMING-17#500 Critical Warning
Non-clocked sequential cell  
The clock pin design_1_i/okt_top_0/inst/cu_inst/okHI/core0/core0/a0/pc0/data_path_loop[4].low_hwbuild.shift_rotate_flop/C is not reached by a timing clock
Related violations: <none>

TIMING-17#501 Critical Warning
Non-clocked sequential cell  
The clock pin design_1_i/okt_top_0/inst/cu_inst/okHI/core0/core0/a0/pc0/data_path_loop[4].medium_spm.spm_flop/C is not reached by a timing clock
Related violations: <none>

TIMING-17#502 Critical Warning
Non-clocked sequential cell  
The clock pin design_1_i/okt_top_0/inst/cu_inst/okHI/core0/core0/a0/pc0/data_path_loop[4].medium_spm.spm_ram/HIGH/CLK is not reached by a timing clock
Related violations: <none>

TIMING-17#503 Critical Warning
Non-clocked sequential cell  
The clock pin design_1_i/okt_top_0/inst/cu_inst/okHI/core0/core0/a0/pc0/data_path_loop[4].medium_spm.spm_ram/LOW/CLK is not reached by a timing clock
Related violations: <none>

TIMING-17#504 Critical Warning
Non-clocked sequential cell  
The clock pin design_1_i/okt_top_0/inst/cu_inst/okHI/core0/core0/a0/pc0/data_path_loop[5].arith_logical_flop/C is not reached by a timing clock
Related violations: <none>

TIMING-17#505 Critical Warning
Non-clocked sequential cell  
The clock pin design_1_i/okt_top_0/inst/cu_inst/okHI/core0/core0/a0/pc0/data_path_loop[5].low_hwbuild.shift_rotate_flop/C is not reached by a timing clock
Related violations: <none>

TIMING-17#506 Critical Warning
Non-clocked sequential cell  
The clock pin design_1_i/okt_top_0/inst/cu_inst/okHI/core0/core0/a0/pc0/data_path_loop[5].medium_spm.spm_flop/C is not reached by a timing clock
Related violations: <none>

TIMING-17#507 Critical Warning
Non-clocked sequential cell  
The clock pin design_1_i/okt_top_0/inst/cu_inst/okHI/core0/core0/a0/pc0/data_path_loop[5].medium_spm.spm_ram/HIGH/CLK is not reached by a timing clock
Related violations: <none>

TIMING-17#508 Critical Warning
Non-clocked sequential cell  
The clock pin design_1_i/okt_top_0/inst/cu_inst/okHI/core0/core0/a0/pc0/data_path_loop[5].medium_spm.spm_ram/LOW/CLK is not reached by a timing clock
Related violations: <none>

TIMING-17#509 Critical Warning
Non-clocked sequential cell  
The clock pin design_1_i/okt_top_0/inst/cu_inst/okHI/core0/core0/a0/pc0/data_path_loop[6].arith_logical_flop/C is not reached by a timing clock
Related violations: <none>

TIMING-17#510 Critical Warning
Non-clocked sequential cell  
The clock pin design_1_i/okt_top_0/inst/cu_inst/okHI/core0/core0/a0/pc0/data_path_loop[6].low_hwbuild.shift_rotate_flop/C is not reached by a timing clock
Related violations: <none>

TIMING-17#511 Critical Warning
Non-clocked sequential cell  
The clock pin design_1_i/okt_top_0/inst/cu_inst/okHI/core0/core0/a0/pc0/data_path_loop[6].medium_spm.spm_flop/C is not reached by a timing clock
Related violations: <none>

TIMING-17#512 Critical Warning
Non-clocked sequential cell  
The clock pin design_1_i/okt_top_0/inst/cu_inst/okHI/core0/core0/a0/pc0/data_path_loop[6].medium_spm.spm_ram/HIGH/CLK is not reached by a timing clock
Related violations: <none>

TIMING-17#513 Critical Warning
Non-clocked sequential cell  
The clock pin design_1_i/okt_top_0/inst/cu_inst/okHI/core0/core0/a0/pc0/data_path_loop[6].medium_spm.spm_ram/LOW/CLK is not reached by a timing clock
Related violations: <none>

TIMING-17#514 Critical Warning
Non-clocked sequential cell  
The clock pin design_1_i/okt_top_0/inst/cu_inst/okHI/core0/core0/a0/pc0/data_path_loop[7].arith_logical_flop/C is not reached by a timing clock
Related violations: <none>

TIMING-17#515 Critical Warning
Non-clocked sequential cell  
The clock pin design_1_i/okt_top_0/inst/cu_inst/okHI/core0/core0/a0/pc0/data_path_loop[7].low_hwbuild.shift_rotate_flop/C is not reached by a timing clock
Related violations: <none>

TIMING-17#516 Critical Warning
Non-clocked sequential cell  
The clock pin design_1_i/okt_top_0/inst/cu_inst/okHI/core0/core0/a0/pc0/data_path_loop[7].medium_spm.spm_flop/C is not reached by a timing clock
Related violations: <none>

TIMING-17#517 Critical Warning
Non-clocked sequential cell  
The clock pin design_1_i/okt_top_0/inst/cu_inst/okHI/core0/core0/a0/pc0/data_path_loop[7].medium_spm.spm_ram/HIGH/CLK is not reached by a timing clock
Related violations: <none>

TIMING-17#518 Critical Warning
Non-clocked sequential cell  
The clock pin design_1_i/okt_top_0/inst/cu_inst/okHI/core0/core0/a0/pc0/data_path_loop[7].medium_spm.spm_ram/LOW/CLK is not reached by a timing clock
Related violations: <none>

TIMING-17#519 Critical Warning
Non-clocked sequential cell  
The clock pin design_1_i/okt_top_0/inst/cu_inst/okHI/core0/core0/a0/pc0/flag_enable_flop/C is not reached by a timing clock
Related violations: <none>

TIMING-17#520 Critical Warning
Non-clocked sequential cell  
The clock pin design_1_i/okt_top_0/inst/cu_inst/okHI/core0/core0/a0/pc0/internal_reset_flop/C is not reached by a timing clock
Related violations: <none>

TIMING-17#521 Critical Warning
Non-clocked sequential cell  
The clock pin design_1_i/okt_top_0/inst/cu_inst/okHI/core0/core0/a0/pc0/lower_reg_banks/RAMA/CLK is not reached by a timing clock
Related violations: <none>

TIMING-17#522 Critical Warning
Non-clocked sequential cell  
The clock pin design_1_i/okt_top_0/inst/cu_inst/okHI/core0/core0/a0/pc0/lower_reg_banks/RAMA_D1/CLK is not reached by a timing clock
Related violations: <none>

TIMING-17#523 Critical Warning
Non-clocked sequential cell  
The clock pin design_1_i/okt_top_0/inst/cu_inst/okHI/core0/core0/a0/pc0/lower_reg_banks/RAMB/CLK is not reached by a timing clock
Related violations: <none>

TIMING-17#524 Critical Warning
Non-clocked sequential cell  
The clock pin design_1_i/okt_top_0/inst/cu_inst/okHI/core0/core0/a0/pc0/lower_reg_banks/RAMB_D1/CLK is not reached by a timing clock
Related violations: <none>

TIMING-17#525 Critical Warning
Non-clocked sequential cell  
The clock pin design_1_i/okt_top_0/inst/cu_inst/okHI/core0/core0/a0/pc0/lower_reg_banks/RAMC/CLK is not reached by a timing clock
Related violations: <none>

TIMING-17#526 Critical Warning
Non-clocked sequential cell  
The clock pin design_1_i/okt_top_0/inst/cu_inst/okHI/core0/core0/a0/pc0/lower_reg_banks/RAMC_D1/CLK is not reached by a timing clock
Related violations: <none>

TIMING-17#527 Critical Warning
Non-clocked sequential cell  
The clock pin design_1_i/okt_top_0/inst/cu_inst/okHI/core0/core0/a0/pc0/lower_reg_banks/RAMD/CLK is not reached by a timing clock
Related violations: <none>

TIMING-17#528 Critical Warning
Non-clocked sequential cell  
The clock pin design_1_i/okt_top_0/inst/cu_inst/okHI/core0/core0/a0/pc0/lower_reg_banks/RAMD_D1/CLK is not reached by a timing clock
Related violations: <none>

TIMING-17#529 Critical Warning
Non-clocked sequential cell  
The clock pin design_1_i/okt_top_0/inst/cu_inst/okHI/core0/core0/a0/pc0/register_enable_flop/C is not reached by a timing clock
Related violations: <none>

TIMING-17#530 Critical Warning
Non-clocked sequential cell  
The clock pin design_1_i/okt_top_0/inst/cu_inst/okHI/core0/core0/a0/pc0/run_flop/C is not reached by a timing clock
Related violations: <none>

TIMING-17#531 Critical Warning
Non-clocked sequential cell  
The clock pin design_1_i/okt_top_0/inst/cu_inst/okHI/core0/core0/a0/pc0/shadow_bank_flop/C is not reached by a timing clock
Related violations: <none>

TIMING-17#532 Critical Warning
Non-clocked sequential cell  
The clock pin design_1_i/okt_top_0/inst/cu_inst/okHI/core0/core0/a0/pc0/shadow_carry_flag_flop/C is not reached by a timing clock
Related violations: <none>

TIMING-17#533 Critical Warning
Non-clocked sequential cell  
The clock pin design_1_i/okt_top_0/inst/cu_inst/okHI/core0/core0/a0/pc0/shadow_zero_flag_flop/C is not reached by a timing clock
Related violations: <none>

TIMING-17#534 Critical Warning
Non-clocked sequential cell  
The clock pin design_1_i/okt_top_0/inst/cu_inst/okHI/core0/core0/a0/pc0/shift_carry_flop/C is not reached by a timing clock
Related violations: <none>

TIMING-17#535 Critical Warning
Non-clocked sequential cell  
The clock pin design_1_i/okt_top_0/inst/cu_inst/okHI/core0/core0/a0/pc0/spm_enable_flop/C is not reached by a timing clock
Related violations: <none>

TIMING-17#536 Critical Warning
Non-clocked sequential cell  
The clock pin design_1_i/okt_top_0/inst/cu_inst/okHI/core0/core0/a0/pc0/stack_bit_flop/C is not reached by a timing clock
Related violations: <none>

TIMING-17#537 Critical Warning
Non-clocked sequential cell  
The clock pin design_1_i/okt_top_0/inst/cu_inst/okHI/core0/core0/a0/pc0/stack_loop[0].lsb_stack.pointer_flop/C is not reached by a timing clock
Related violations: <none>

TIMING-17#538 Critical Warning
Non-clocked sequential cell  
The clock pin design_1_i/okt_top_0/inst/cu_inst/okHI/core0/core0/a0/pc0/stack_loop[1].upper_stack.pointer_flop/C is not reached by a timing clock
Related violations: <none>

TIMING-17#539 Critical Warning
Non-clocked sequential cell  
The clock pin design_1_i/okt_top_0/inst/cu_inst/okHI/core0/core0/a0/pc0/stack_loop[2].upper_stack.pointer_flop/C is not reached by a timing clock
Related violations: <none>

TIMING-17#540 Critical Warning
Non-clocked sequential cell  
The clock pin design_1_i/okt_top_0/inst/cu_inst/okHI/core0/core0/a0/pc0/stack_loop[3].upper_stack.pointer_flop/C is not reached by a timing clock
Related violations: <none>

TIMING-17#541 Critical Warning
Non-clocked sequential cell  
The clock pin design_1_i/okt_top_0/inst/cu_inst/okHI/core0/core0/a0/pc0/stack_loop[4].upper_stack.pointer_flop/C is not reached by a timing clock
Related violations: <none>

TIMING-17#542 Critical Warning
Non-clocked sequential cell  
The clock pin design_1_i/okt_top_0/inst/cu_inst/okHI/core0/core0/a0/pc0/stack_ram_high/RAMA/CLK is not reached by a timing clock
Related violations: <none>

TIMING-17#543 Critical Warning
Non-clocked sequential cell  
The clock pin design_1_i/okt_top_0/inst/cu_inst/okHI/core0/core0/a0/pc0/stack_ram_high/RAMA_D1/CLK is not reached by a timing clock
Related violations: <none>

TIMING-17#544 Critical Warning
Non-clocked sequential cell  
The clock pin design_1_i/okt_top_0/inst/cu_inst/okHI/core0/core0/a0/pc0/stack_ram_high/RAMB/CLK is not reached by a timing clock
Related violations: <none>

TIMING-17#545 Critical Warning
Non-clocked sequential cell  
The clock pin design_1_i/okt_top_0/inst/cu_inst/okHI/core0/core0/a0/pc0/stack_ram_high/RAMB_D1/CLK is not reached by a timing clock
Related violations: <none>

TIMING-17#546 Critical Warning
Non-clocked sequential cell  
The clock pin design_1_i/okt_top_0/inst/cu_inst/okHI/core0/core0/a0/pc0/stack_ram_high/RAMC/CLK is not reached by a timing clock
Related violations: <none>

TIMING-17#547 Critical Warning
Non-clocked sequential cell  
The clock pin design_1_i/okt_top_0/inst/cu_inst/okHI/core0/core0/a0/pc0/stack_ram_high/RAMC_D1/CLK is not reached by a timing clock
Related violations: <none>

TIMING-17#548 Critical Warning
Non-clocked sequential cell  
The clock pin design_1_i/okt_top_0/inst/cu_inst/okHI/core0/core0/a0/pc0/stack_ram_high/RAMD/CLK is not reached by a timing clock
Related violations: <none>

TIMING-17#549 Critical Warning
Non-clocked sequential cell  
The clock pin design_1_i/okt_top_0/inst/cu_inst/okHI/core0/core0/a0/pc0/stack_ram_high/RAMD_D1/CLK is not reached by a timing clock
Related violations: <none>

TIMING-17#550 Critical Warning
Non-clocked sequential cell  
The clock pin design_1_i/okt_top_0/inst/cu_inst/okHI/core0/core0/a0/pc0/stack_ram_low/RAMA/CLK is not reached by a timing clock
Related violations: <none>

TIMING-17#551 Critical Warning
Non-clocked sequential cell  
The clock pin design_1_i/okt_top_0/inst/cu_inst/okHI/core0/core0/a0/pc0/stack_ram_low/RAMA_D1/CLK is not reached by a timing clock
Related violations: <none>

TIMING-17#552 Critical Warning
Non-clocked sequential cell  
The clock pin design_1_i/okt_top_0/inst/cu_inst/okHI/core0/core0/a0/pc0/stack_ram_low/RAMB/CLK is not reached by a timing clock
Related violations: <none>

TIMING-17#553 Critical Warning
Non-clocked sequential cell  
The clock pin design_1_i/okt_top_0/inst/cu_inst/okHI/core0/core0/a0/pc0/stack_ram_low/RAMB_D1/CLK is not reached by a timing clock
Related violations: <none>

TIMING-17#554 Critical Warning
Non-clocked sequential cell  
The clock pin design_1_i/okt_top_0/inst/cu_inst/okHI/core0/core0/a0/pc0/stack_ram_low/RAMC/CLK is not reached by a timing clock
Related violations: <none>

TIMING-17#555 Critical Warning
Non-clocked sequential cell  
The clock pin design_1_i/okt_top_0/inst/cu_inst/okHI/core0/core0/a0/pc0/stack_ram_low/RAMC_D1/CLK is not reached by a timing clock
Related violations: <none>

TIMING-17#556 Critical Warning
Non-clocked sequential cell  
The clock pin design_1_i/okt_top_0/inst/cu_inst/okHI/core0/core0/a0/pc0/stack_ram_low/RAMD/CLK is not reached by a timing clock
Related violations: <none>

TIMING-17#557 Critical Warning
Non-clocked sequential cell  
The clock pin design_1_i/okt_top_0/inst/cu_inst/okHI/core0/core0/a0/pc0/stack_ram_low/RAMD_D1/CLK is not reached by a timing clock
Related violations: <none>

TIMING-17#558 Critical Warning
Non-clocked sequential cell  
The clock pin design_1_i/okt_top_0/inst/cu_inst/okHI/core0/core0/a0/pc0/stack_zero_flop/C is not reached by a timing clock
Related violations: <none>

TIMING-17#559 Critical Warning
Non-clocked sequential cell  
The clock pin design_1_i/okt_top_0/inst/cu_inst/okHI/core0/core0/a0/pc0/sx_addr4_flop/C is not reached by a timing clock
Related violations: <none>

TIMING-17#560 Critical Warning
Non-clocked sequential cell  
The clock pin design_1_i/okt_top_0/inst/cu_inst/okHI/core0/core0/a0/pc0/t_state1_flop/C is not reached by a timing clock
Related violations: <none>

TIMING-17#561 Critical Warning
Non-clocked sequential cell  
The clock pin design_1_i/okt_top_0/inst/cu_inst/okHI/core0/core0/a0/pc0/t_state2_flop/C is not reached by a timing clock
Related violations: <none>

TIMING-17#562 Critical Warning
Non-clocked sequential cell  
The clock pin design_1_i/okt_top_0/inst/cu_inst/okHI/core0/core0/a0/pc0/upper_reg_banks/RAMA/CLK is not reached by a timing clock
Related violations: <none>

TIMING-17#563 Critical Warning
Non-clocked sequential cell  
The clock pin design_1_i/okt_top_0/inst/cu_inst/okHI/core0/core0/a0/pc0/upper_reg_banks/RAMA_D1/CLK is not reached by a timing clock
Related violations: <none>

TIMING-17#564 Critical Warning
Non-clocked sequential cell  
The clock pin design_1_i/okt_top_0/inst/cu_inst/okHI/core0/core0/a0/pc0/upper_reg_banks/RAMB/CLK is not reached by a timing clock
Related violations: <none>

TIMING-17#565 Critical Warning
Non-clocked sequential cell  
The clock pin design_1_i/okt_top_0/inst/cu_inst/okHI/core0/core0/a0/pc0/upper_reg_banks/RAMB_D1/CLK is not reached by a timing clock
Related violations: <none>

TIMING-17#566 Critical Warning
Non-clocked sequential cell  
The clock pin design_1_i/okt_top_0/inst/cu_inst/okHI/core0/core0/a0/pc0/upper_reg_banks/RAMC/CLK is not reached by a timing clock
Related violations: <none>

TIMING-17#567 Critical Warning
Non-clocked sequential cell  
The clock pin design_1_i/okt_top_0/inst/cu_inst/okHI/core0/core0/a0/pc0/upper_reg_banks/RAMC_D1/CLK is not reached by a timing clock
Related violations: <none>

TIMING-17#568 Critical Warning
Non-clocked sequential cell  
The clock pin design_1_i/okt_top_0/inst/cu_inst/okHI/core0/core0/a0/pc0/upper_reg_banks/RAMD/CLK is not reached by a timing clock
Related violations: <none>

TIMING-17#569 Critical Warning
Non-clocked sequential cell  
The clock pin design_1_i/okt_top_0/inst/cu_inst/okHI/core0/core0/a0/pc0/upper_reg_banks/RAMD_D1/CLK is not reached by a timing clock
Related violations: <none>

TIMING-17#570 Critical Warning
Non-clocked sequential cell  
The clock pin design_1_i/okt_top_0/inst/cu_inst/okHI/core0/core0/a0/pc0/use_zero_flag_flop/C is not reached by a timing clock
Related violations: <none>

TIMING-17#571 Critical Warning
Non-clocked sequential cell  
The clock pin design_1_i/okt_top_0/inst/cu_inst/okHI/core0/core0/a0/pc0/write_strobe_flop/C is not reached by a timing clock
Related violations: <none>

TIMING-17#572 Critical Warning
Non-clocked sequential cell  
The clock pin design_1_i/okt_top_0/inst/cu_inst/okHI/core0/core0/a0/pc0/zero_flag_flop/C is not reached by a timing clock
Related violations: <none>

TIMING-17#573 Critical Warning
Non-clocked sequential cell  
The clock pin design_1_i/okt_top_0/inst/cu_inst/okHI/core0/core0/a0/pm0/ram_1k_generate.v6.kcpsm6_rom/CLKARDCLK is not reached by a timing clock
Related violations: <none>

TIMING-17#574 Critical Warning
Non-clocked sequential cell  
The clock pin design_1_i/okt_top_0/inst/cu_inst/okHI/core0/core0/design_1_i/okt_top_0/inst/cu_inst/okHI/core0/core0/a0/pm0/ram_1k_generate.v6.kcpsm6_rom_cooolgate_en_gate_5_cooolDelFlop/C is not reached by a timing clock
Related violations: <none>

TIMING-17#575 Critical Warning
Non-clocked sequential cell  
The clock pin design_1_i/okt_top_0/inst/cu_inst/okHI/core0/core0/design_1_i/okt_top_0/inst/cu_inst/okHI/core0/core0/a0/pm0/ram_1k_generate.v6.kcpsm6_rom_cooolgate_en_gate_6_cooolDelFlop/C is not reached by a timing clock
Related violations: <none>

TIMING-17#576 Critical Warning
Non-clocked sequential cell  
The clock pin design_1_i/okt_top_0/inst/cu_inst/okHI/core0/core0/design_1_i/okt_top_0/inst/cu_inst/okHI/core0/core0/a0/pm0/ram_1k_generate.v6.kcpsm6_rom_cooolgate_en_gate_7_cooolDelFlop/C is not reached by a timing clock
Related violations: <none>

TIMING-17#577 Critical Warning
Non-clocked sequential cell  
The clock pin design_1_i/okt_top_0/inst/cu_inst/okHI/core0/core0/l0881048b06017db25aafb0dba883beb2_reg[0]/C is not reached by a timing clock
Related violations: <none>

TIMING-17#578 Critical Warning
Non-clocked sequential cell  
The clock pin design_1_i/okt_top_0/inst/cu_inst/okHI/core0/core0/l0881048b06017db25aafb0dba883beb2_reg[10]/C is not reached by a timing clock
Related violations: <none>

TIMING-17#579 Critical Warning
Non-clocked sequential cell  
The clock pin design_1_i/okt_top_0/inst/cu_inst/okHI/core0/core0/l0881048b06017db25aafb0dba883beb2_reg[11]/C is not reached by a timing clock
Related violations: <none>

TIMING-17#580 Critical Warning
Non-clocked sequential cell  
The clock pin design_1_i/okt_top_0/inst/cu_inst/okHI/core0/core0/l0881048b06017db25aafb0dba883beb2_reg[12]/C is not reached by a timing clock
Related violations: <none>

TIMING-17#581 Critical Warning
Non-clocked sequential cell  
The clock pin design_1_i/okt_top_0/inst/cu_inst/okHI/core0/core0/l0881048b06017db25aafb0dba883beb2_reg[13]/C is not reached by a timing clock
Related violations: <none>

TIMING-17#582 Critical Warning
Non-clocked sequential cell  
The clock pin design_1_i/okt_top_0/inst/cu_inst/okHI/core0/core0/l0881048b06017db25aafb0dba883beb2_reg[14]/C is not reached by a timing clock
Related violations: <none>

TIMING-17#583 Critical Warning
Non-clocked sequential cell  
The clock pin design_1_i/okt_top_0/inst/cu_inst/okHI/core0/core0/l0881048b06017db25aafb0dba883beb2_reg[15]/C is not reached by a timing clock
Related violations: <none>

TIMING-17#584 Critical Warning
Non-clocked sequential cell  
The clock pin design_1_i/okt_top_0/inst/cu_inst/okHI/core0/core0/l0881048b06017db25aafb0dba883beb2_reg[16]/C is not reached by a timing clock
Related violations: <none>

TIMING-17#585 Critical Warning
Non-clocked sequential cell  
The clock pin design_1_i/okt_top_0/inst/cu_inst/okHI/core0/core0/l0881048b06017db25aafb0dba883beb2_reg[17]/C is not reached by a timing clock
Related violations: <none>

TIMING-17#586 Critical Warning
Non-clocked sequential cell  
The clock pin design_1_i/okt_top_0/inst/cu_inst/okHI/core0/core0/l0881048b06017db25aafb0dba883beb2_reg[18]/C is not reached by a timing clock
Related violations: <none>

TIMING-17#587 Critical Warning
Non-clocked sequential cell  
The clock pin design_1_i/okt_top_0/inst/cu_inst/okHI/core0/core0/l0881048b06017db25aafb0dba883beb2_reg[19]/C is not reached by a timing clock
Related violations: <none>

TIMING-17#588 Critical Warning
Non-clocked sequential cell  
The clock pin design_1_i/okt_top_0/inst/cu_inst/okHI/core0/core0/l0881048b06017db25aafb0dba883beb2_reg[1]/C is not reached by a timing clock
Related violations: <none>

TIMING-17#589 Critical Warning
Non-clocked sequential cell  
The clock pin design_1_i/okt_top_0/inst/cu_inst/okHI/core0/core0/l0881048b06017db25aafb0dba883beb2_reg[20]/C is not reached by a timing clock
Related violations: <none>

TIMING-17#590 Critical Warning
Non-clocked sequential cell  
The clock pin design_1_i/okt_top_0/inst/cu_inst/okHI/core0/core0/l0881048b06017db25aafb0dba883beb2_reg[21]/C is not reached by a timing clock
Related violations: <none>

TIMING-17#591 Critical Warning
Non-clocked sequential cell  
The clock pin design_1_i/okt_top_0/inst/cu_inst/okHI/core0/core0/l0881048b06017db25aafb0dba883beb2_reg[22]/C is not reached by a timing clock
Related violations: <none>

TIMING-17#592 Critical Warning
Non-clocked sequential cell  
The clock pin design_1_i/okt_top_0/inst/cu_inst/okHI/core0/core0/l0881048b06017db25aafb0dba883beb2_reg[23]/C is not reached by a timing clock
Related violations: <none>

TIMING-17#593 Critical Warning
Non-clocked sequential cell  
The clock pin design_1_i/okt_top_0/inst/cu_inst/okHI/core0/core0/l0881048b06017db25aafb0dba883beb2_reg[24]/C is not reached by a timing clock
Related violations: <none>

TIMING-17#594 Critical Warning
Non-clocked sequential cell  
The clock pin design_1_i/okt_top_0/inst/cu_inst/okHI/core0/core0/l0881048b06017db25aafb0dba883beb2_reg[25]/C is not reached by a timing clock
Related violations: <none>

TIMING-17#595 Critical Warning
Non-clocked sequential cell  
The clock pin design_1_i/okt_top_0/inst/cu_inst/okHI/core0/core0/l0881048b06017db25aafb0dba883beb2_reg[26]/C is not reached by a timing clock
Related violations: <none>

TIMING-17#596 Critical Warning
Non-clocked sequential cell  
The clock pin design_1_i/okt_top_0/inst/cu_inst/okHI/core0/core0/l0881048b06017db25aafb0dba883beb2_reg[27]/C is not reached by a timing clock
Related violations: <none>

TIMING-17#597 Critical Warning
Non-clocked sequential cell  
The clock pin design_1_i/okt_top_0/inst/cu_inst/okHI/core0/core0/l0881048b06017db25aafb0dba883beb2_reg[28]/C is not reached by a timing clock
Related violations: <none>

TIMING-17#598 Critical Warning
Non-clocked sequential cell  
The clock pin design_1_i/okt_top_0/inst/cu_inst/okHI/core0/core0/l0881048b06017db25aafb0dba883beb2_reg[29]/C is not reached by a timing clock
Related violations: <none>

TIMING-17#599 Critical Warning
Non-clocked sequential cell  
The clock pin design_1_i/okt_top_0/inst/cu_inst/okHI/core0/core0/l0881048b06017db25aafb0dba883beb2_reg[2]/C is not reached by a timing clock
Related violations: <none>

TIMING-17#600 Critical Warning
Non-clocked sequential cell  
The clock pin design_1_i/okt_top_0/inst/cu_inst/okHI/core0/core0/l0881048b06017db25aafb0dba883beb2_reg[30]/C is not reached by a timing clock
Related violations: <none>

TIMING-17#601 Critical Warning
Non-clocked sequential cell  
The clock pin design_1_i/okt_top_0/inst/cu_inst/okHI/core0/core0/l0881048b06017db25aafb0dba883beb2_reg[31]/C is not reached by a timing clock
Related violations: <none>

TIMING-17#602 Critical Warning
Non-clocked sequential cell  
The clock pin design_1_i/okt_top_0/inst/cu_inst/okHI/core0/core0/l0881048b06017db25aafb0dba883beb2_reg[3]/C is not reached by a timing clock
Related violations: <none>

TIMING-17#603 Critical Warning
Non-clocked sequential cell  
The clock pin design_1_i/okt_top_0/inst/cu_inst/okHI/core0/core0/l0881048b06017db25aafb0dba883beb2_reg[4]/C is not reached by a timing clock
Related violations: <none>

TIMING-17#604 Critical Warning
Non-clocked sequential cell  
The clock pin design_1_i/okt_top_0/inst/cu_inst/okHI/core0/core0/l0881048b06017db25aafb0dba883beb2_reg[5]/C is not reached by a timing clock
Related violations: <none>

TIMING-17#605 Critical Warning
Non-clocked sequential cell  
The clock pin design_1_i/okt_top_0/inst/cu_inst/okHI/core0/core0/l0881048b06017db25aafb0dba883beb2_reg[6]/C is not reached by a timing clock
Related violations: <none>

TIMING-17#606 Critical Warning
Non-clocked sequential cell  
The clock pin design_1_i/okt_top_0/inst/cu_inst/okHI/core0/core0/l0881048b06017db25aafb0dba883beb2_reg[7]/C is not reached by a timing clock
Related violations: <none>

TIMING-17#607 Critical Warning
Non-clocked sequential cell  
The clock pin design_1_i/okt_top_0/inst/cu_inst/okHI/core0/core0/l0881048b06017db25aafb0dba883beb2_reg[8]/C is not reached by a timing clock
Related violations: <none>

TIMING-17#608 Critical Warning
Non-clocked sequential cell  
The clock pin design_1_i/okt_top_0/inst/cu_inst/okHI/core0/core0/l0881048b06017db25aafb0dba883beb2_reg[9]/C is not reached by a timing clock
Related violations: <none>

TIMING-17#609 Critical Warning
Non-clocked sequential cell  
The clock pin design_1_i/okt_top_0/inst/cu_inst/okHI/core0/core0/l287f1d33aab074157010cd04cb03cd77_reg[0]/C is not reached by a timing clock
Related violations: <none>

TIMING-17#610 Critical Warning
Non-clocked sequential cell  
The clock pin design_1_i/okt_top_0/inst/cu_inst/okHI/core0/core0/l287f1d33aab074157010cd04cb03cd77_reg[1]/C is not reached by a timing clock
Related violations: <none>

TIMING-17#611 Critical Warning
Non-clocked sequential cell  
The clock pin design_1_i/okt_top_0/inst/cu_inst/okHI/core0/core0/l287f1d33aab074157010cd04cb03cd77_reg[2]/C is not reached by a timing clock
Related violations: <none>

TIMING-17#612 Critical Warning
Non-clocked sequential cell  
The clock pin design_1_i/okt_top_0/inst/cu_inst/okHI/core0/core0/l287f1d33aab074157010cd04cb03cd77_reg[3]/C is not reached by a timing clock
Related violations: <none>

TIMING-17#613 Critical Warning
Non-clocked sequential cell  
The clock pin design_1_i/okt_top_0/inst/cu_inst/okHI/core0/core0/l287f1d33aab074157010cd04cb03cd77_reg[4]/C is not reached by a timing clock
Related violations: <none>

TIMING-17#614 Critical Warning
Non-clocked sequential cell  
The clock pin design_1_i/okt_top_0/inst/cu_inst/okHI/core0/core0/l287f1d33aab074157010cd04cb03cd77_reg[5]/C is not reached by a timing clock
Related violations: <none>

TIMING-17#615 Critical Warning
Non-clocked sequential cell  
The clock pin design_1_i/okt_top_0/inst/cu_inst/okHI/core0/core0/l287f1d33aab074157010cd04cb03cd77_reg[6]/C is not reached by a timing clock
Related violations: <none>

TIMING-17#616 Critical Warning
Non-clocked sequential cell  
The clock pin design_1_i/okt_top_0/inst/cu_inst/okHI/core0/core0/l287f1d33aab074157010cd04cb03cd77_reg[7]/C is not reached by a timing clock
Related violations: <none>

TIMING-17#617 Critical Warning
Non-clocked sequential cell  
The clock pin design_1_i/okt_top_0/inst/cu_inst/okHI/core0/core0/l287f1d33aab074157010cd04cb03cd77_reg[8]/C is not reached by a timing clock
Related violations: <none>

TIMING-17#618 Critical Warning
Non-clocked sequential cell  
The clock pin design_1_i/okt_top_0/inst/cu_inst/okHI/core0/core0/l2fd7e1a4c1a262bf4062db5f061b7878_reg/C is not reached by a timing clock
Related violations: <none>

TIMING-17#619 Critical Warning
Non-clocked sequential cell  
The clock pin design_1_i/okt_top_0/inst/cu_inst/okHI/core0/core0/l317e0a6720f17cacca076a392154f6ab_reg/C is not reached by a timing clock
Related violations: <none>

TIMING-17#620 Critical Warning
Non-clocked sequential cell  
The clock pin design_1_i/okt_top_0/inst/cu_inst/okHI/core0/core0/l350d3a095faafcfcc80a82d9f84ae4e0_reg[0]/C is not reached by a timing clock
Related violations: <none>

TIMING-17#621 Critical Warning
Non-clocked sequential cell  
The clock pin design_1_i/okt_top_0/inst/cu_inst/okHI/core0/core0/l350d3a095faafcfcc80a82d9f84ae4e0_reg[1]/C is not reached by a timing clock
Related violations: <none>

TIMING-17#622 Critical Warning
Non-clocked sequential cell  
The clock pin design_1_i/okt_top_0/inst/cu_inst/okHI/core0/core0/l350d3a095faafcfcc80a82d9f84ae4e0_reg[2]/C is not reached by a timing clock
Related violations: <none>

TIMING-17#623 Critical Warning
Non-clocked sequential cell  
The clock pin design_1_i/okt_top_0/inst/cu_inst/okHI/core0/core0/l350d3a095faafcfcc80a82d9f84ae4e0_reg[3]/C is not reached by a timing clock
Related violations: <none>

TIMING-17#624 Critical Warning
Non-clocked sequential cell  
The clock pin design_1_i/okt_top_0/inst/cu_inst/okHI/core0/core0/l350d3a095faafcfcc80a82d9f84ae4e0_reg[4]/C is not reached by a timing clock
Related violations: <none>

TIMING-17#625 Critical Warning
Non-clocked sequential cell  
The clock pin design_1_i/okt_top_0/inst/cu_inst/okHI/core0/core0/l350d3a095faafcfcc80a82d9f84ae4e0_reg[5]/C is not reached by a timing clock
Related violations: <none>

TIMING-17#626 Critical Warning
Non-clocked sequential cell  
The clock pin design_1_i/okt_top_0/inst/cu_inst/okHI/core0/core0/l350d3a095faafcfcc80a82d9f84ae4e0_reg[6]/C is not reached by a timing clock
Related violations: <none>

TIMING-17#627 Critical Warning
Non-clocked sequential cell  
The clock pin design_1_i/okt_top_0/inst/cu_inst/okHI/core0/core0/l350d3a095faafcfcc80a82d9f84ae4e0_reg[7]/C is not reached by a timing clock
Related violations: <none>

TIMING-17#628 Critical Warning
Non-clocked sequential cell  
The clock pin design_1_i/okt_top_0/inst/cu_inst/okHI/core0/core0/l431a8e61e105e20aa447e42fe70ec139_reg/C is not reached by a timing clock
Related violations: <none>

TIMING-17#629 Critical Warning
Non-clocked sequential cell  
The clock pin design_1_i/okt_top_0/inst/cu_inst/okHI/core0/core0/l436c8acfce09b790a2efb624a7c06514_reg[0]/C is not reached by a timing clock
Related violations: <none>

TIMING-17#630 Critical Warning
Non-clocked sequential cell  
The clock pin design_1_i/okt_top_0/inst/cu_inst/okHI/core0/core0/l436c8acfce09b790a2efb624a7c06514_reg[10]/C is not reached by a timing clock
Related violations: <none>

TIMING-17#631 Critical Warning
Non-clocked sequential cell  
The clock pin design_1_i/okt_top_0/inst/cu_inst/okHI/core0/core0/l436c8acfce09b790a2efb624a7c06514_reg[11]/C is not reached by a timing clock
Related violations: <none>

TIMING-17#632 Critical Warning
Non-clocked sequential cell  
The clock pin design_1_i/okt_top_0/inst/cu_inst/okHI/core0/core0/l436c8acfce09b790a2efb624a7c06514_reg[12]/C is not reached by a timing clock
Related violations: <none>

TIMING-17#633 Critical Warning
Non-clocked sequential cell  
The clock pin design_1_i/okt_top_0/inst/cu_inst/okHI/core0/core0/l436c8acfce09b790a2efb624a7c06514_reg[13]/C is not reached by a timing clock
Related violations: <none>

TIMING-17#634 Critical Warning
Non-clocked sequential cell  
The clock pin design_1_i/okt_top_0/inst/cu_inst/okHI/core0/core0/l436c8acfce09b790a2efb624a7c06514_reg[14]/C is not reached by a timing clock
Related violations: <none>

TIMING-17#635 Critical Warning
Non-clocked sequential cell  
The clock pin design_1_i/okt_top_0/inst/cu_inst/okHI/core0/core0/l436c8acfce09b790a2efb624a7c06514_reg[15]/C is not reached by a timing clock
Related violations: <none>

TIMING-17#636 Critical Warning
Non-clocked sequential cell  
The clock pin design_1_i/okt_top_0/inst/cu_inst/okHI/core0/core0/l436c8acfce09b790a2efb624a7c06514_reg[1]/C is not reached by a timing clock
Related violations: <none>

TIMING-17#637 Critical Warning
Non-clocked sequential cell  
The clock pin design_1_i/okt_top_0/inst/cu_inst/okHI/core0/core0/l436c8acfce09b790a2efb624a7c06514_reg[2]/C is not reached by a timing clock
Related violations: <none>

TIMING-17#638 Critical Warning
Non-clocked sequential cell  
The clock pin design_1_i/okt_top_0/inst/cu_inst/okHI/core0/core0/l436c8acfce09b790a2efb624a7c06514_reg[3]/C is not reached by a timing clock
Related violations: <none>

TIMING-17#639 Critical Warning
Non-clocked sequential cell  
The clock pin design_1_i/okt_top_0/inst/cu_inst/okHI/core0/core0/l436c8acfce09b790a2efb624a7c06514_reg[4]/C is not reached by a timing clock
Related violations: <none>

TIMING-17#640 Critical Warning
Non-clocked sequential cell  
The clock pin design_1_i/okt_top_0/inst/cu_inst/okHI/core0/core0/l436c8acfce09b790a2efb624a7c06514_reg[5]/C is not reached by a timing clock
Related violations: <none>

TIMING-17#641 Critical Warning
Non-clocked sequential cell  
The clock pin design_1_i/okt_top_0/inst/cu_inst/okHI/core0/core0/l436c8acfce09b790a2efb624a7c06514_reg[6]/C is not reached by a timing clock
Related violations: <none>

TIMING-17#642 Critical Warning
Non-clocked sequential cell  
The clock pin design_1_i/okt_top_0/inst/cu_inst/okHI/core0/core0/l436c8acfce09b790a2efb624a7c06514_reg[7]/C is not reached by a timing clock
Related violations: <none>

TIMING-17#643 Critical Warning
Non-clocked sequential cell  
The clock pin design_1_i/okt_top_0/inst/cu_inst/okHI/core0/core0/l436c8acfce09b790a2efb624a7c06514_reg[8]/C is not reached by a timing clock
Related violations: <none>

TIMING-17#644 Critical Warning
Non-clocked sequential cell  
The clock pin design_1_i/okt_top_0/inst/cu_inst/okHI/core0/core0/l436c8acfce09b790a2efb624a7c06514_reg[9]/C is not reached by a timing clock
Related violations: <none>

TIMING-17#645 Critical Warning
Non-clocked sequential cell  
The clock pin design_1_i/okt_top_0/inst/cu_inst/okHI/core0/core0/l6f2981c23c5f98e0d9d0e1d5acd3307d_reg[0]/C is not reached by a timing clock
Related violations: <none>

TIMING-17#646 Critical Warning
Non-clocked sequential cell  
The clock pin design_1_i/okt_top_0/inst/cu_inst/okHI/core0/core0/l6f2981c23c5f98e0d9d0e1d5acd3307d_reg[10]/C is not reached by a timing clock
Related violations: <none>

TIMING-17#647 Critical Warning
Non-clocked sequential cell  
The clock pin design_1_i/okt_top_0/inst/cu_inst/okHI/core0/core0/l6f2981c23c5f98e0d9d0e1d5acd3307d_reg[11]/C is not reached by a timing clock
Related violations: <none>

TIMING-17#648 Critical Warning
Non-clocked sequential cell  
The clock pin design_1_i/okt_top_0/inst/cu_inst/okHI/core0/core0/l6f2981c23c5f98e0d9d0e1d5acd3307d_reg[12]/C is not reached by a timing clock
Related violations: <none>

TIMING-17#649 Critical Warning
Non-clocked sequential cell  
The clock pin design_1_i/okt_top_0/inst/cu_inst/okHI/core0/core0/l6f2981c23c5f98e0d9d0e1d5acd3307d_reg[13]/C is not reached by a timing clock
Related violations: <none>

TIMING-17#650 Critical Warning
Non-clocked sequential cell  
The clock pin design_1_i/okt_top_0/inst/cu_inst/okHI/core0/core0/l6f2981c23c5f98e0d9d0e1d5acd3307d_reg[14]/C is not reached by a timing clock
Related violations: <none>

TIMING-17#651 Critical Warning
Non-clocked sequential cell  
The clock pin design_1_i/okt_top_0/inst/cu_inst/okHI/core0/core0/l6f2981c23c5f98e0d9d0e1d5acd3307d_reg[15]/C is not reached by a timing clock
Related violations: <none>

TIMING-17#652 Critical Warning
Non-clocked sequential cell  
The clock pin design_1_i/okt_top_0/inst/cu_inst/okHI/core0/core0/l6f2981c23c5f98e0d9d0e1d5acd3307d_reg[16]/C is not reached by a timing clock
Related violations: <none>

TIMING-17#653 Critical Warning
Non-clocked sequential cell  
The clock pin design_1_i/okt_top_0/inst/cu_inst/okHI/core0/core0/l6f2981c23c5f98e0d9d0e1d5acd3307d_reg[17]/C is not reached by a timing clock
Related violations: <none>

TIMING-17#654 Critical Warning
Non-clocked sequential cell  
The clock pin design_1_i/okt_top_0/inst/cu_inst/okHI/core0/core0/l6f2981c23c5f98e0d9d0e1d5acd3307d_reg[18]/C is not reached by a timing clock
Related violations: <none>

TIMING-17#655 Critical Warning
Non-clocked sequential cell  
The clock pin design_1_i/okt_top_0/inst/cu_inst/okHI/core0/core0/l6f2981c23c5f98e0d9d0e1d5acd3307d_reg[19]/C is not reached by a timing clock
Related violations: <none>

TIMING-17#656 Critical Warning
Non-clocked sequential cell  
The clock pin design_1_i/okt_top_0/inst/cu_inst/okHI/core0/core0/l6f2981c23c5f98e0d9d0e1d5acd3307d_reg[1]/C is not reached by a timing clock
Related violations: <none>

TIMING-17#657 Critical Warning
Non-clocked sequential cell  
The clock pin design_1_i/okt_top_0/inst/cu_inst/okHI/core0/core0/l6f2981c23c5f98e0d9d0e1d5acd3307d_reg[20]/C is not reached by a timing clock
Related violations: <none>

TIMING-17#658 Critical Warning
Non-clocked sequential cell  
The clock pin design_1_i/okt_top_0/inst/cu_inst/okHI/core0/core0/l6f2981c23c5f98e0d9d0e1d5acd3307d_reg[21]/C is not reached by a timing clock
Related violations: <none>

TIMING-17#659 Critical Warning
Non-clocked sequential cell  
The clock pin design_1_i/okt_top_0/inst/cu_inst/okHI/core0/core0/l6f2981c23c5f98e0d9d0e1d5acd3307d_reg[22]/C is not reached by a timing clock
Related violations: <none>

TIMING-17#660 Critical Warning
Non-clocked sequential cell  
The clock pin design_1_i/okt_top_0/inst/cu_inst/okHI/core0/core0/l6f2981c23c5f98e0d9d0e1d5acd3307d_reg[23]/C is not reached by a timing clock
Related violations: <none>

TIMING-17#661 Critical Warning
Non-clocked sequential cell  
The clock pin design_1_i/okt_top_0/inst/cu_inst/okHI/core0/core0/l6f2981c23c5f98e0d9d0e1d5acd3307d_reg[24]/C is not reached by a timing clock
Related violations: <none>

TIMING-17#662 Critical Warning
Non-clocked sequential cell  
The clock pin design_1_i/okt_top_0/inst/cu_inst/okHI/core0/core0/l6f2981c23c5f98e0d9d0e1d5acd3307d_reg[25]/C is not reached by a timing clock
Related violations: <none>

TIMING-17#663 Critical Warning
Non-clocked sequential cell  
The clock pin design_1_i/okt_top_0/inst/cu_inst/okHI/core0/core0/l6f2981c23c5f98e0d9d0e1d5acd3307d_reg[26]/C is not reached by a timing clock
Related violations: <none>

TIMING-17#664 Critical Warning
Non-clocked sequential cell  
The clock pin design_1_i/okt_top_0/inst/cu_inst/okHI/core0/core0/l6f2981c23c5f98e0d9d0e1d5acd3307d_reg[27]/C is not reached by a timing clock
Related violations: <none>

TIMING-17#665 Critical Warning
Non-clocked sequential cell  
The clock pin design_1_i/okt_top_0/inst/cu_inst/okHI/core0/core0/l6f2981c23c5f98e0d9d0e1d5acd3307d_reg[28]/C is not reached by a timing clock
Related violations: <none>

TIMING-17#666 Critical Warning
Non-clocked sequential cell  
The clock pin design_1_i/okt_top_0/inst/cu_inst/okHI/core0/core0/l6f2981c23c5f98e0d9d0e1d5acd3307d_reg[29]/C is not reached by a timing clock
Related violations: <none>

TIMING-17#667 Critical Warning
Non-clocked sequential cell  
The clock pin design_1_i/okt_top_0/inst/cu_inst/okHI/core0/core0/l6f2981c23c5f98e0d9d0e1d5acd3307d_reg[2]/C is not reached by a timing clock
Related violations: <none>

TIMING-17#668 Critical Warning
Non-clocked sequential cell  
The clock pin design_1_i/okt_top_0/inst/cu_inst/okHI/core0/core0/l6f2981c23c5f98e0d9d0e1d5acd3307d_reg[30]/C is not reached by a timing clock
Related violations: <none>

TIMING-17#669 Critical Warning
Non-clocked sequential cell  
The clock pin design_1_i/okt_top_0/inst/cu_inst/okHI/core0/core0/l6f2981c23c5f98e0d9d0e1d5acd3307d_reg[31]/C is not reached by a timing clock
Related violations: <none>

TIMING-17#670 Critical Warning
Non-clocked sequential cell  
The clock pin design_1_i/okt_top_0/inst/cu_inst/okHI/core0/core0/l6f2981c23c5f98e0d9d0e1d5acd3307d_reg[3]/C is not reached by a timing clock
Related violations: <none>

TIMING-17#671 Critical Warning
Non-clocked sequential cell  
The clock pin design_1_i/okt_top_0/inst/cu_inst/okHI/core0/core0/l6f2981c23c5f98e0d9d0e1d5acd3307d_reg[4]/C is not reached by a timing clock
Related violations: <none>

TIMING-17#672 Critical Warning
Non-clocked sequential cell  
The clock pin design_1_i/okt_top_0/inst/cu_inst/okHI/core0/core0/l6f2981c23c5f98e0d9d0e1d5acd3307d_reg[5]/C is not reached by a timing clock
Related violations: <none>

TIMING-17#673 Critical Warning
Non-clocked sequential cell  
The clock pin design_1_i/okt_top_0/inst/cu_inst/okHI/core0/core0/l6f2981c23c5f98e0d9d0e1d5acd3307d_reg[6]/C is not reached by a timing clock
Related violations: <none>

TIMING-17#674 Critical Warning
Non-clocked sequential cell  
The clock pin design_1_i/okt_top_0/inst/cu_inst/okHI/core0/core0/l6f2981c23c5f98e0d9d0e1d5acd3307d_reg[7]/C is not reached by a timing clock
Related violations: <none>

TIMING-17#675 Critical Warning
Non-clocked sequential cell  
The clock pin design_1_i/okt_top_0/inst/cu_inst/okHI/core0/core0/l6f2981c23c5f98e0d9d0e1d5acd3307d_reg[8]/C is not reached by a timing clock
Related violations: <none>

TIMING-17#676 Critical Warning
Non-clocked sequential cell  
The clock pin design_1_i/okt_top_0/inst/cu_inst/okHI/core0/core0/l6f2981c23c5f98e0d9d0e1d5acd3307d_reg[9]/C is not reached by a timing clock
Related violations: <none>

TIMING-17#677 Critical Warning
Non-clocked sequential cell  
The clock pin design_1_i/okt_top_0/inst/cu_inst/okHI/core0/core0/l99ec1ebd2d898e73a64819e166db6b96_reg[0]/C is not reached by a timing clock
Related violations: <none>

TIMING-17#678 Critical Warning
Non-clocked sequential cell  
The clock pin design_1_i/okt_top_0/inst/cu_inst/okHI/core0/core0/l99ec1ebd2d898e73a64819e166db6b96_reg[1]/C is not reached by a timing clock
Related violations: <none>

TIMING-17#679 Critical Warning
Non-clocked sequential cell  
The clock pin design_1_i/okt_top_0/inst/cu_inst/okHI/core0/core0/l99ec1ebd2d898e73a64819e166db6b96_reg[2]/C is not reached by a timing clock
Related violations: <none>

TIMING-17#680 Critical Warning
Non-clocked sequential cell  
The clock pin design_1_i/okt_top_0/inst/cu_inst/okHI/core0/core0/l99ec1ebd2d898e73a64819e166db6b96_reg[3]/C is not reached by a timing clock
Related violations: <none>

TIMING-17#681 Critical Warning
Non-clocked sequential cell  
The clock pin design_1_i/okt_top_0/inst/cu_inst/okHI/core0/core0/l99ec1ebd2d898e73a64819e166db6b96_reg[4]/C is not reached by a timing clock
Related violations: <none>

TIMING-17#682 Critical Warning
Non-clocked sequential cell  
The clock pin design_1_i/okt_top_0/inst/cu_inst/okHI/core0/core0/l99ec1ebd2d898e73a64819e166db6b96_reg[5]/C is not reached by a timing clock
Related violations: <none>

TIMING-17#683 Critical Warning
Non-clocked sequential cell  
The clock pin design_1_i/okt_top_0/inst/cu_inst/okHI/core0/core0/l99ec1ebd2d898e73a64819e166db6b96_reg[6]/C is not reached by a timing clock
Related violations: <none>

TIMING-17#684 Critical Warning
Non-clocked sequential cell  
The clock pin design_1_i/okt_top_0/inst/cu_inst/okHI/core0/core0/l99ec1ebd2d898e73a64819e166db6b96_reg[7]/C is not reached by a timing clock
Related violations: <none>

TIMING-17#685 Critical Warning
Non-clocked sequential cell  
The clock pin design_1_i/okt_top_0/inst/cu_inst/okHI/core0/core0/l9e32dfd1ee51a4e7f33914a7db2b23f9_reg/C is not reached by a timing clock
Related violations: <none>

TIMING-17#686 Critical Warning
Non-clocked sequential cell  
The clock pin design_1_i/okt_top_0/inst/cu_inst/okHI/core0/core0/l9f43dc9d3787a4c1395542a254aee157_reg[0]/C is not reached by a timing clock
Related violations: <none>

TIMING-17#687 Critical Warning
Non-clocked sequential cell  
The clock pin design_1_i/okt_top_0/inst/cu_inst/okHI/core0/core0/l9f43dc9d3787a4c1395542a254aee157_reg[1]/C is not reached by a timing clock
Related violations: <none>

TIMING-17#688 Critical Warning
Non-clocked sequential cell  
The clock pin design_1_i/okt_top_0/inst/cu_inst/okHI/core0/core0/l9f43dc9d3787a4c1395542a254aee157_reg[2]/C is not reached by a timing clock
Related violations: <none>

TIMING-17#689 Critical Warning
Non-clocked sequential cell  
The clock pin design_1_i/okt_top_0/inst/cu_inst/okHI/core0/core0/l9f43dc9d3787a4c1395542a254aee157_reg[3]/C is not reached by a timing clock
Related violations: <none>

TIMING-17#690 Critical Warning
Non-clocked sequential cell  
The clock pin design_1_i/okt_top_0/inst/cu_inst/okHI/core0/core0/l9f43dc9d3787a4c1395542a254aee157_reg[4]/C is not reached by a timing clock
Related violations: <none>

TIMING-17#691 Critical Warning
Non-clocked sequential cell  
The clock pin design_1_i/okt_top_0/inst/cu_inst/okHI/core0/core0/l9f43dc9d3787a4c1395542a254aee157_reg[5]/C is not reached by a timing clock
Related violations: <none>

TIMING-17#692 Critical Warning
Non-clocked sequential cell  
The clock pin design_1_i/okt_top_0/inst/cu_inst/okHI/core0/core0/l9f43dc9d3787a4c1395542a254aee157_reg[6]/C is not reached by a timing clock
Related violations: <none>

TIMING-17#693 Critical Warning
Non-clocked sequential cell  
The clock pin design_1_i/okt_top_0/inst/cu_inst/okHI/core0/core0/l9f43dc9d3787a4c1395542a254aee157_reg[7]/C is not reached by a timing clock
Related violations: <none>

TIMING-17#694 Critical Warning
Non-clocked sequential cell  
The clock pin design_1_i/okt_top_0/inst/cu_inst/okHI/core0/core0/la3c64aadb28b65d3d578c9e403522ecb_reg[0]/C is not reached by a timing clock
Related violations: <none>

TIMING-17#695 Critical Warning
Non-clocked sequential cell  
The clock pin design_1_i/okt_top_0/inst/cu_inst/okHI/core0/core0/la3c64aadb28b65d3d578c9e403522ecb_reg[1]/C is not reached by a timing clock
Related violations: <none>

TIMING-17#696 Critical Warning
Non-clocked sequential cell  
The clock pin design_1_i/okt_top_0/inst/cu_inst/okHI/core0/core0/la3c64aadb28b65d3d578c9e403522ecb_reg[2]/C is not reached by a timing clock
Related violations: <none>

TIMING-17#697 Critical Warning
Non-clocked sequential cell  
The clock pin design_1_i/okt_top_0/inst/cu_inst/okHI/core0/core0/la3c64aadb28b65d3d578c9e403522ecb_reg[3]/C is not reached by a timing clock
Related violations: <none>

TIMING-17#698 Critical Warning
Non-clocked sequential cell  
The clock pin design_1_i/okt_top_0/inst/cu_inst/okHI/core0/core0/la3c64aadb28b65d3d578c9e403522ecb_reg[4]/C is not reached by a timing clock
Related violations: <none>

TIMING-17#699 Critical Warning
Non-clocked sequential cell  
The clock pin design_1_i/okt_top_0/inst/cu_inst/okHI/core0/core0/la3c64aadb28b65d3d578c9e403522ecb_reg[5]/C is not reached by a timing clock
Related violations: <none>

TIMING-17#700 Critical Warning
Non-clocked sequential cell  
The clock pin design_1_i/okt_top_0/inst/cu_inst/okHI/core0/core0/la3c64aadb28b65d3d578c9e403522ecb_reg[6]/C is not reached by a timing clock
Related violations: <none>

TIMING-17#701 Critical Warning
Non-clocked sequential cell  
The clock pin design_1_i/okt_top_0/inst/cu_inst/okHI/core0/core0/la3c64aadb28b65d3d578c9e403522ecb_reg[7]/C is not reached by a timing clock
Related violations: <none>

TIMING-17#702 Critical Warning
Non-clocked sequential cell  
The clock pin design_1_i/okt_top_0/inst/cu_inst/okHI/core0/core0/la531863f270e103597e1d9609a1ccaa8_reg[0]/C is not reached by a timing clock
Related violations: <none>

TIMING-17#703 Critical Warning
Non-clocked sequential cell  
The clock pin design_1_i/okt_top_0/inst/cu_inst/okHI/core0/core0/la531863f270e103597e1d9609a1ccaa8_reg[10]/C is not reached by a timing clock
Related violations: <none>

TIMING-17#704 Critical Warning
Non-clocked sequential cell  
The clock pin design_1_i/okt_top_0/inst/cu_inst/okHI/core0/core0/la531863f270e103597e1d9609a1ccaa8_reg[11]/C is not reached by a timing clock
Related violations: <none>

TIMING-17#705 Critical Warning
Non-clocked sequential cell  
The clock pin design_1_i/okt_top_0/inst/cu_inst/okHI/core0/core0/la531863f270e103597e1d9609a1ccaa8_reg[12]/C is not reached by a timing clock
Related violations: <none>

TIMING-17#706 Critical Warning
Non-clocked sequential cell  
The clock pin design_1_i/okt_top_0/inst/cu_inst/okHI/core0/core0/la531863f270e103597e1d9609a1ccaa8_reg[13]/C is not reached by a timing clock
Related violations: <none>

TIMING-17#707 Critical Warning
Non-clocked sequential cell  
The clock pin design_1_i/okt_top_0/inst/cu_inst/okHI/core0/core0/la531863f270e103597e1d9609a1ccaa8_reg[14]/C is not reached by a timing clock
Related violations: <none>

TIMING-17#708 Critical Warning
Non-clocked sequential cell  
The clock pin design_1_i/okt_top_0/inst/cu_inst/okHI/core0/core0/la531863f270e103597e1d9609a1ccaa8_reg[15]/C is not reached by a timing clock
Related violations: <none>

TIMING-17#709 Critical Warning
Non-clocked sequential cell  
The clock pin design_1_i/okt_top_0/inst/cu_inst/okHI/core0/core0/la531863f270e103597e1d9609a1ccaa8_reg[16]/C is not reached by a timing clock
Related violations: <none>

TIMING-17#710 Critical Warning
Non-clocked sequential cell  
The clock pin design_1_i/okt_top_0/inst/cu_inst/okHI/core0/core0/la531863f270e103597e1d9609a1ccaa8_reg[17]/C is not reached by a timing clock
Related violations: <none>

TIMING-17#711 Critical Warning
Non-clocked sequential cell  
The clock pin design_1_i/okt_top_0/inst/cu_inst/okHI/core0/core0/la531863f270e103597e1d9609a1ccaa8_reg[18]/C is not reached by a timing clock
Related violations: <none>

TIMING-17#712 Critical Warning
Non-clocked sequential cell  
The clock pin design_1_i/okt_top_0/inst/cu_inst/okHI/core0/core0/la531863f270e103597e1d9609a1ccaa8_reg[19]/C is not reached by a timing clock
Related violations: <none>

TIMING-17#713 Critical Warning
Non-clocked sequential cell  
The clock pin design_1_i/okt_top_0/inst/cu_inst/okHI/core0/core0/la531863f270e103597e1d9609a1ccaa8_reg[1]/C is not reached by a timing clock
Related violations: <none>

TIMING-17#714 Critical Warning
Non-clocked sequential cell  
The clock pin design_1_i/okt_top_0/inst/cu_inst/okHI/core0/core0/la531863f270e103597e1d9609a1ccaa8_reg[20]/C is not reached by a timing clock
Related violations: <none>

TIMING-17#715 Critical Warning
Non-clocked sequential cell  
The clock pin design_1_i/okt_top_0/inst/cu_inst/okHI/core0/core0/la531863f270e103597e1d9609a1ccaa8_reg[21]/C is not reached by a timing clock
Related violations: <none>

TIMING-17#716 Critical Warning
Non-clocked sequential cell  
The clock pin design_1_i/okt_top_0/inst/cu_inst/okHI/core0/core0/la531863f270e103597e1d9609a1ccaa8_reg[22]/C is not reached by a timing clock
Related violations: <none>

TIMING-17#717 Critical Warning
Non-clocked sequential cell  
The clock pin design_1_i/okt_top_0/inst/cu_inst/okHI/core0/core0/la531863f270e103597e1d9609a1ccaa8_reg[23]/C is not reached by a timing clock
Related violations: <none>

TIMING-17#718 Critical Warning
Non-clocked sequential cell  
The clock pin design_1_i/okt_top_0/inst/cu_inst/okHI/core0/core0/la531863f270e103597e1d9609a1ccaa8_reg[24]/C is not reached by a timing clock
Related violations: <none>

TIMING-17#719 Critical Warning
Non-clocked sequential cell  
The clock pin design_1_i/okt_top_0/inst/cu_inst/okHI/core0/core0/la531863f270e103597e1d9609a1ccaa8_reg[25]/C is not reached by a timing clock
Related violations: <none>

TIMING-17#720 Critical Warning
Non-clocked sequential cell  
The clock pin design_1_i/okt_top_0/inst/cu_inst/okHI/core0/core0/la531863f270e103597e1d9609a1ccaa8_reg[26]/C is not reached by a timing clock
Related violations: <none>

TIMING-17#721 Critical Warning
Non-clocked sequential cell  
The clock pin design_1_i/okt_top_0/inst/cu_inst/okHI/core0/core0/la531863f270e103597e1d9609a1ccaa8_reg[27]/C is not reached by a timing clock
Related violations: <none>

TIMING-17#722 Critical Warning
Non-clocked sequential cell  
The clock pin design_1_i/okt_top_0/inst/cu_inst/okHI/core0/core0/la531863f270e103597e1d9609a1ccaa8_reg[28]/C is not reached by a timing clock
Related violations: <none>

TIMING-17#723 Critical Warning
Non-clocked sequential cell  
The clock pin design_1_i/okt_top_0/inst/cu_inst/okHI/core0/core0/la531863f270e103597e1d9609a1ccaa8_reg[29]/C is not reached by a timing clock
Related violations: <none>

TIMING-17#724 Critical Warning
Non-clocked sequential cell  
The clock pin design_1_i/okt_top_0/inst/cu_inst/okHI/core0/core0/la531863f270e103597e1d9609a1ccaa8_reg[2]/C is not reached by a timing clock
Related violations: <none>

TIMING-17#725 Critical Warning
Non-clocked sequential cell  
The clock pin design_1_i/okt_top_0/inst/cu_inst/okHI/core0/core0/la531863f270e103597e1d9609a1ccaa8_reg[30]/C is not reached by a timing clock
Related violations: <none>

TIMING-17#726 Critical Warning
Non-clocked sequential cell  
The clock pin design_1_i/okt_top_0/inst/cu_inst/okHI/core0/core0/la531863f270e103597e1d9609a1ccaa8_reg[31]/C is not reached by a timing clock
Related violations: <none>

TIMING-17#727 Critical Warning
Non-clocked sequential cell  
The clock pin design_1_i/okt_top_0/inst/cu_inst/okHI/core0/core0/la531863f270e103597e1d9609a1ccaa8_reg[3]/C is not reached by a timing clock
Related violations: <none>

TIMING-17#728 Critical Warning
Non-clocked sequential cell  
The clock pin design_1_i/okt_top_0/inst/cu_inst/okHI/core0/core0/la531863f270e103597e1d9609a1ccaa8_reg[4]/C is not reached by a timing clock
Related violations: <none>

TIMING-17#729 Critical Warning
Non-clocked sequential cell  
The clock pin design_1_i/okt_top_0/inst/cu_inst/okHI/core0/core0/la531863f270e103597e1d9609a1ccaa8_reg[5]/C is not reached by a timing clock
Related violations: <none>

TIMING-17#730 Critical Warning
Non-clocked sequential cell  
The clock pin design_1_i/okt_top_0/inst/cu_inst/okHI/core0/core0/la531863f270e103597e1d9609a1ccaa8_reg[6]/C is not reached by a timing clock
Related violations: <none>

TIMING-17#731 Critical Warning
Non-clocked sequential cell  
The clock pin design_1_i/okt_top_0/inst/cu_inst/okHI/core0/core0/la531863f270e103597e1d9609a1ccaa8_reg[7]/C is not reached by a timing clock
Related violations: <none>

TIMING-17#732 Critical Warning
Non-clocked sequential cell  
The clock pin design_1_i/okt_top_0/inst/cu_inst/okHI/core0/core0/la531863f270e103597e1d9609a1ccaa8_reg[8]/C is not reached by a timing clock
Related violations: <none>

TIMING-17#733 Critical Warning
Non-clocked sequential cell  
The clock pin design_1_i/okt_top_0/inst/cu_inst/okHI/core0/core0/la531863f270e103597e1d9609a1ccaa8_reg[9]/C is not reached by a timing clock
Related violations: <none>

TIMING-17#734 Critical Warning
Non-clocked sequential cell  
The clock pin design_1_i/okt_top_0/inst/cu_inst/okHI/core0/core0/lab8c81cec3709c0416d0acf79f37f087_reg[0]/C is not reached by a timing clock
Related violations: <none>

TIMING-17#735 Critical Warning
Non-clocked sequential cell  
The clock pin design_1_i/okt_top_0/inst/cu_inst/okHI/core0/core0/lab8c81cec3709c0416d0acf79f37f087_reg[10]/C is not reached by a timing clock
Related violations: <none>

TIMING-17#736 Critical Warning
Non-clocked sequential cell  
The clock pin design_1_i/okt_top_0/inst/cu_inst/okHI/core0/core0/lab8c81cec3709c0416d0acf79f37f087_reg[11]/C is not reached by a timing clock
Related violations: <none>

TIMING-17#737 Critical Warning
Non-clocked sequential cell  
The clock pin design_1_i/okt_top_0/inst/cu_inst/okHI/core0/core0/lab8c81cec3709c0416d0acf79f37f087_reg[12]/C is not reached by a timing clock
Related violations: <none>

TIMING-17#738 Critical Warning
Non-clocked sequential cell  
The clock pin design_1_i/okt_top_0/inst/cu_inst/okHI/core0/core0/lab8c81cec3709c0416d0acf79f37f087_reg[13]/C is not reached by a timing clock
Related violations: <none>

TIMING-17#739 Critical Warning
Non-clocked sequential cell  
The clock pin design_1_i/okt_top_0/inst/cu_inst/okHI/core0/core0/lab8c81cec3709c0416d0acf79f37f087_reg[14]/C is not reached by a timing clock
Related violations: <none>

TIMING-17#740 Critical Warning
Non-clocked sequential cell  
The clock pin design_1_i/okt_top_0/inst/cu_inst/okHI/core0/core0/lab8c81cec3709c0416d0acf79f37f087_reg[15]/C is not reached by a timing clock
Related violations: <none>

TIMING-17#741 Critical Warning
Non-clocked sequential cell  
The clock pin design_1_i/okt_top_0/inst/cu_inst/okHI/core0/core0/lab8c81cec3709c0416d0acf79f37f087_reg[16]/C is not reached by a timing clock
Related violations: <none>

TIMING-17#742 Critical Warning
Non-clocked sequential cell  
The clock pin design_1_i/okt_top_0/inst/cu_inst/okHI/core0/core0/lab8c81cec3709c0416d0acf79f37f087_reg[17]/C is not reached by a timing clock
Related violations: <none>

TIMING-17#743 Critical Warning
Non-clocked sequential cell  
The clock pin design_1_i/okt_top_0/inst/cu_inst/okHI/core0/core0/lab8c81cec3709c0416d0acf79f37f087_reg[18]/C is not reached by a timing clock
Related violations: <none>

TIMING-17#744 Critical Warning
Non-clocked sequential cell  
The clock pin design_1_i/okt_top_0/inst/cu_inst/okHI/core0/core0/lab8c81cec3709c0416d0acf79f37f087_reg[19]/C is not reached by a timing clock
Related violations: <none>

TIMING-17#745 Critical Warning
Non-clocked sequential cell  
The clock pin design_1_i/okt_top_0/inst/cu_inst/okHI/core0/core0/lab8c81cec3709c0416d0acf79f37f087_reg[1]/C is not reached by a timing clock
Related violations: <none>

TIMING-17#746 Critical Warning
Non-clocked sequential cell  
The clock pin design_1_i/okt_top_0/inst/cu_inst/okHI/core0/core0/lab8c81cec3709c0416d0acf79f37f087_reg[20]/C is not reached by a timing clock
Related violations: <none>

TIMING-17#747 Critical Warning
Non-clocked sequential cell  
The clock pin design_1_i/okt_top_0/inst/cu_inst/okHI/core0/core0/lab8c81cec3709c0416d0acf79f37f087_reg[21]/C is not reached by a timing clock
Related violations: <none>

TIMING-17#748 Critical Warning
Non-clocked sequential cell  
The clock pin design_1_i/okt_top_0/inst/cu_inst/okHI/core0/core0/lab8c81cec3709c0416d0acf79f37f087_reg[22]/C is not reached by a timing clock
Related violations: <none>

TIMING-17#749 Critical Warning
Non-clocked sequential cell  
The clock pin design_1_i/okt_top_0/inst/cu_inst/okHI/core0/core0/lab8c81cec3709c0416d0acf79f37f087_reg[23]/C is not reached by a timing clock
Related violations: <none>

TIMING-17#750 Critical Warning
Non-clocked sequential cell  
The clock pin design_1_i/okt_top_0/inst/cu_inst/okHI/core0/core0/lab8c81cec3709c0416d0acf79f37f087_reg[24]/C is not reached by a timing clock
Related violations: <none>

TIMING-17#751 Critical Warning
Non-clocked sequential cell  
The clock pin design_1_i/okt_top_0/inst/cu_inst/okHI/core0/core0/lab8c81cec3709c0416d0acf79f37f087_reg[25]/C is not reached by a timing clock
Related violations: <none>

TIMING-17#752 Critical Warning
Non-clocked sequential cell  
The clock pin design_1_i/okt_top_0/inst/cu_inst/okHI/core0/core0/lab8c81cec3709c0416d0acf79f37f087_reg[26]/C is not reached by a timing clock
Related violations: <none>

TIMING-17#753 Critical Warning
Non-clocked sequential cell  
The clock pin design_1_i/okt_top_0/inst/cu_inst/okHI/core0/core0/lab8c81cec3709c0416d0acf79f37f087_reg[27]/C is not reached by a timing clock
Related violations: <none>

TIMING-17#754 Critical Warning
Non-clocked sequential cell  
The clock pin design_1_i/okt_top_0/inst/cu_inst/okHI/core0/core0/lab8c81cec3709c0416d0acf79f37f087_reg[28]/C is not reached by a timing clock
Related violations: <none>

TIMING-17#755 Critical Warning
Non-clocked sequential cell  
The clock pin design_1_i/okt_top_0/inst/cu_inst/okHI/core0/core0/lab8c81cec3709c0416d0acf79f37f087_reg[29]/C is not reached by a timing clock
Related violations: <none>

TIMING-17#756 Critical Warning
Non-clocked sequential cell  
The clock pin design_1_i/okt_top_0/inst/cu_inst/okHI/core0/core0/lab8c81cec3709c0416d0acf79f37f087_reg[2]/C is not reached by a timing clock
Related violations: <none>

TIMING-17#757 Critical Warning
Non-clocked sequential cell  
The clock pin design_1_i/okt_top_0/inst/cu_inst/okHI/core0/core0/lab8c81cec3709c0416d0acf79f37f087_reg[30]/C is not reached by a timing clock
Related violations: <none>

TIMING-17#758 Critical Warning
Non-clocked sequential cell  
The clock pin design_1_i/okt_top_0/inst/cu_inst/okHI/core0/core0/lab8c81cec3709c0416d0acf79f37f087_reg[31]/C is not reached by a timing clock
Related violations: <none>

TIMING-17#759 Critical Warning
Non-clocked sequential cell  
The clock pin design_1_i/okt_top_0/inst/cu_inst/okHI/core0/core0/lab8c81cec3709c0416d0acf79f37f087_reg[3]/C is not reached by a timing clock
Related violations: <none>

TIMING-17#760 Critical Warning
Non-clocked sequential cell  
The clock pin design_1_i/okt_top_0/inst/cu_inst/okHI/core0/core0/lab8c81cec3709c0416d0acf79f37f087_reg[4]/C is not reached by a timing clock
Related violations: <none>

TIMING-17#761 Critical Warning
Non-clocked sequential cell  
The clock pin design_1_i/okt_top_0/inst/cu_inst/okHI/core0/core0/lab8c81cec3709c0416d0acf79f37f087_reg[5]/C is not reached by a timing clock
Related violations: <none>

TIMING-17#762 Critical Warning
Non-clocked sequential cell  
The clock pin design_1_i/okt_top_0/inst/cu_inst/okHI/core0/core0/lab8c81cec3709c0416d0acf79f37f087_reg[6]/C is not reached by a timing clock
Related violations: <none>

TIMING-17#763 Critical Warning
Non-clocked sequential cell  
The clock pin design_1_i/okt_top_0/inst/cu_inst/okHI/core0/core0/lab8c81cec3709c0416d0acf79f37f087_reg[7]/C is not reached by a timing clock
Related violations: <none>

TIMING-17#764 Critical Warning
Non-clocked sequential cell  
The clock pin design_1_i/okt_top_0/inst/cu_inst/okHI/core0/core0/lab8c81cec3709c0416d0acf79f37f087_reg[8]/C is not reached by a timing clock
Related violations: <none>

TIMING-17#765 Critical Warning
Non-clocked sequential cell  
The clock pin design_1_i/okt_top_0/inst/cu_inst/okHI/core0/core0/lab8c81cec3709c0416d0acf79f37f087_reg[9]/C is not reached by a timing clock
Related violations: <none>

TIMING-17#766 Critical Warning
Non-clocked sequential cell  
The clock pin design_1_i/okt_top_0/inst/cu_inst/okHI/core0/core0/lad064777d8d868fec96bf487062e185e_reg/C is not reached by a timing clock
Related violations: <none>

TIMING-17#767 Critical Warning
Non-clocked sequential cell  
The clock pin design_1_i/okt_top_0/inst/cu_inst/okHI/core0/core0/lb6baf4ff3bf7fd83f0e79fbcb46cd849_reg[0]/C is not reached by a timing clock
Related violations: <none>

TIMING-17#768 Critical Warning
Non-clocked sequential cell  
The clock pin design_1_i/okt_top_0/inst/cu_inst/okHI/core0/core0/lb6baf4ff3bf7fd83f0e79fbcb46cd849_reg[1]/C is not reached by a timing clock
Related violations: <none>

TIMING-17#769 Critical Warning
Non-clocked sequential cell  
The clock pin design_1_i/okt_top_0/inst/cu_inst/okHI/core0/core0/lb6baf4ff3bf7fd83f0e79fbcb46cd849_reg[2]/C is not reached by a timing clock
Related violations: <none>

TIMING-17#770 Critical Warning
Non-clocked sequential cell  
The clock pin design_1_i/okt_top_0/inst/cu_inst/okHI/core0/core0/lb6baf4ff3bf7fd83f0e79fbcb46cd849_reg[3]/C is not reached by a timing clock
Related violations: <none>

TIMING-17#771 Critical Warning
Non-clocked sequential cell  
The clock pin design_1_i/okt_top_0/inst/cu_inst/okHI/core0/core0/lbe9e64305a7a66df6a9cf6dc987a1803_reg[0]/C is not reached by a timing clock
Related violations: <none>

TIMING-17#772 Critical Warning
Non-clocked sequential cell  
The clock pin design_1_i/okt_top_0/inst/cu_inst/okHI/core0/core0/lbe9e64305a7a66df6a9cf6dc987a1803_reg[1]/C is not reached by a timing clock
Related violations: <none>

TIMING-17#773 Critical Warning
Non-clocked sequential cell  
The clock pin design_1_i/okt_top_0/inst/cu_inst/okHI/core0/core0/lbe9e64305a7a66df6a9cf6dc987a1803_reg[2]/C is not reached by a timing clock
Related violations: <none>

TIMING-17#774 Critical Warning
Non-clocked sequential cell  
The clock pin design_1_i/okt_top_0/inst/cu_inst/okHI/core0/core0/lbe9e64305a7a66df6a9cf6dc987a1803_reg[3]/C is not reached by a timing clock
Related violations: <none>

TIMING-17#775 Critical Warning
Non-clocked sequential cell  
The clock pin design_1_i/okt_top_0/inst/cu_inst/okHI/core0/core0/lbe9e64305a7a66df6a9cf6dc987a1803_reg[4]/C is not reached by a timing clock
Related violations: <none>

TIMING-17#776 Critical Warning
Non-clocked sequential cell  
The clock pin design_1_i/okt_top_0/inst/cu_inst/okHI/core0/core0/lbe9e64305a7a66df6a9cf6dc987a1803_reg[5]/C is not reached by a timing clock
Related violations: <none>

TIMING-17#777 Critical Warning
Non-clocked sequential cell  
The clock pin design_1_i/okt_top_0/inst/cu_inst/okHI/core0/core0/lbe9e64305a7a66df6a9cf6dc987a1803_reg[6]/C is not reached by a timing clock
Related violations: <none>

TIMING-17#778 Critical Warning
Non-clocked sequential cell  
The clock pin design_1_i/okt_top_0/inst/cu_inst/okHI/core0/core0/lbe9e64305a7a66df6a9cf6dc987a1803_reg[7]/C is not reached by a timing clock
Related violations: <none>

TIMING-17#779 Critical Warning
Non-clocked sequential cell  
The clock pin design_1_i/okt_top_0/inst/cu_inst/okHI/core0/core0/ld07e4e048af9a3759beb269578969fa9_reg/C is not reached by a timing clock
Related violations: <none>

TIMING-17#780 Critical Warning
Non-clocked sequential cell  
The clock pin design_1_i/okt_top_0/inst/cu_inst/okHI/core0/core0/ld22a99cf26c2a6cc71807b77b958ba0a_reg/C is not reached by a timing clock
Related violations: <none>

TIMING-17#781 Critical Warning
Non-clocked sequential cell  
The clock pin design_1_i/okt_top_0/inst/cu_inst/okHI/core0/core0/ld68df6d46073ad43a104d2bf7dfb9856_reg/C is not reached by a timing clock
Related violations: <none>

TIMING-17#782 Critical Warning
Non-clocked sequential cell  
The clock pin design_1_i/okt_top_0/inst/cu_inst/okHI/core0/core0/le31359448d2d0a1ff4cbe3b1f9cb75d9_reg/C is not reached by a timing clock
Related violations: <none>

TIMING-17#783 Critical Warning
Non-clocked sequential cell  
The clock pin design_1_i/okt_top_0/inst/cu_inst/okHI/core0/core0/le78b033d3a3b15350c4085b407bdacef_reg[0]/C is not reached by a timing clock
Related violations: <none>

TIMING-17#784 Critical Warning
Non-clocked sequential cell  
The clock pin design_1_i/okt_top_0/inst/cu_inst/okHI/core0/core0/le78b033d3a3b15350c4085b407bdacef_reg[10]/C is not reached by a timing clock
Related violations: <none>

TIMING-17#785 Critical Warning
Non-clocked sequential cell  
The clock pin design_1_i/okt_top_0/inst/cu_inst/okHI/core0/core0/le78b033d3a3b15350c4085b407bdacef_reg[11]/C is not reached by a timing clock
Related violations: <none>

TIMING-17#786 Critical Warning
Non-clocked sequential cell  
The clock pin design_1_i/okt_top_0/inst/cu_inst/okHI/core0/core0/le78b033d3a3b15350c4085b407bdacef_reg[12]/C is not reached by a timing clock
Related violations: <none>

TIMING-17#787 Critical Warning
Non-clocked sequential cell  
The clock pin design_1_i/okt_top_0/inst/cu_inst/okHI/core0/core0/le78b033d3a3b15350c4085b407bdacef_reg[13]/C is not reached by a timing clock
Related violations: <none>

TIMING-17#788 Critical Warning
Non-clocked sequential cell  
The clock pin design_1_i/okt_top_0/inst/cu_inst/okHI/core0/core0/le78b033d3a3b15350c4085b407bdacef_reg[14]/C is not reached by a timing clock
Related violations: <none>

TIMING-17#789 Critical Warning
Non-clocked sequential cell  
The clock pin design_1_i/okt_top_0/inst/cu_inst/okHI/core0/core0/le78b033d3a3b15350c4085b407bdacef_reg[15]/C is not reached by a timing clock
Related violations: <none>

TIMING-17#790 Critical Warning
Non-clocked sequential cell  
The clock pin design_1_i/okt_top_0/inst/cu_inst/okHI/core0/core0/le78b033d3a3b15350c4085b407bdacef_reg[16]/C is not reached by a timing clock
Related violations: <none>

TIMING-17#791 Critical Warning
Non-clocked sequential cell  
The clock pin design_1_i/okt_top_0/inst/cu_inst/okHI/core0/core0/le78b033d3a3b15350c4085b407bdacef_reg[17]/C is not reached by a timing clock
Related violations: <none>

TIMING-17#792 Critical Warning
Non-clocked sequential cell  
The clock pin design_1_i/okt_top_0/inst/cu_inst/okHI/core0/core0/le78b033d3a3b15350c4085b407bdacef_reg[18]/C is not reached by a timing clock
Related violations: <none>

TIMING-17#793 Critical Warning
Non-clocked sequential cell  
The clock pin design_1_i/okt_top_0/inst/cu_inst/okHI/core0/core0/le78b033d3a3b15350c4085b407bdacef_reg[19]/C is not reached by a timing clock
Related violations: <none>

TIMING-17#794 Critical Warning
Non-clocked sequential cell  
The clock pin design_1_i/okt_top_0/inst/cu_inst/okHI/core0/core0/le78b033d3a3b15350c4085b407bdacef_reg[1]/C is not reached by a timing clock
Related violations: <none>

TIMING-17#795 Critical Warning
Non-clocked sequential cell  
The clock pin design_1_i/okt_top_0/inst/cu_inst/okHI/core0/core0/le78b033d3a3b15350c4085b407bdacef_reg[20]/C is not reached by a timing clock
Related violations: <none>

TIMING-17#796 Critical Warning
Non-clocked sequential cell  
The clock pin design_1_i/okt_top_0/inst/cu_inst/okHI/core0/core0/le78b033d3a3b15350c4085b407bdacef_reg[21]/C is not reached by a timing clock
Related violations: <none>

TIMING-17#797 Critical Warning
Non-clocked sequential cell  
The clock pin design_1_i/okt_top_0/inst/cu_inst/okHI/core0/core0/le78b033d3a3b15350c4085b407bdacef_reg[22]/C is not reached by a timing clock
Related violations: <none>

TIMING-17#798 Critical Warning
Non-clocked sequential cell  
The clock pin design_1_i/okt_top_0/inst/cu_inst/okHI/core0/core0/le78b033d3a3b15350c4085b407bdacef_reg[23]/C is not reached by a timing clock
Related violations: <none>

TIMING-17#799 Critical Warning
Non-clocked sequential cell  
The clock pin design_1_i/okt_top_0/inst/cu_inst/okHI/core0/core0/le78b033d3a3b15350c4085b407bdacef_reg[24]/C is not reached by a timing clock
Related violations: <none>

TIMING-17#800 Critical Warning
Non-clocked sequential cell  
The clock pin design_1_i/okt_top_0/inst/cu_inst/okHI/core0/core0/le78b033d3a3b15350c4085b407bdacef_reg[25]/C is not reached by a timing clock
Related violations: <none>

TIMING-17#801 Critical Warning
Non-clocked sequential cell  
The clock pin design_1_i/okt_top_0/inst/cu_inst/okHI/core0/core0/le78b033d3a3b15350c4085b407bdacef_reg[26]/C is not reached by a timing clock
Related violations: <none>

TIMING-17#802 Critical Warning
Non-clocked sequential cell  
The clock pin design_1_i/okt_top_0/inst/cu_inst/okHI/core0/core0/le78b033d3a3b15350c4085b407bdacef_reg[27]/C is not reached by a timing clock
Related violations: <none>

TIMING-17#803 Critical Warning
Non-clocked sequential cell  
The clock pin design_1_i/okt_top_0/inst/cu_inst/okHI/core0/core0/le78b033d3a3b15350c4085b407bdacef_reg[28]/C is not reached by a timing clock
Related violations: <none>

TIMING-17#804 Critical Warning
Non-clocked sequential cell  
The clock pin design_1_i/okt_top_0/inst/cu_inst/okHI/core0/core0/le78b033d3a3b15350c4085b407bdacef_reg[29]/C is not reached by a timing clock
Related violations: <none>

TIMING-17#805 Critical Warning
Non-clocked sequential cell  
The clock pin design_1_i/okt_top_0/inst/cu_inst/okHI/core0/core0/le78b033d3a3b15350c4085b407bdacef_reg[2]/C is not reached by a timing clock
Related violations: <none>

TIMING-17#806 Critical Warning
Non-clocked sequential cell  
The clock pin design_1_i/okt_top_0/inst/cu_inst/okHI/core0/core0/le78b033d3a3b15350c4085b407bdacef_reg[30]/C is not reached by a timing clock
Related violations: <none>

TIMING-17#807 Critical Warning
Non-clocked sequential cell  
The clock pin design_1_i/okt_top_0/inst/cu_inst/okHI/core0/core0/le78b033d3a3b15350c4085b407bdacef_reg[31]/C is not reached by a timing clock
Related violations: <none>

TIMING-17#808 Critical Warning
Non-clocked sequential cell  
The clock pin design_1_i/okt_top_0/inst/cu_inst/okHI/core0/core0/le78b033d3a3b15350c4085b407bdacef_reg[3]/C is not reached by a timing clock
Related violations: <none>

TIMING-17#809 Critical Warning
Non-clocked sequential cell  
The clock pin design_1_i/okt_top_0/inst/cu_inst/okHI/core0/core0/le78b033d3a3b15350c4085b407bdacef_reg[4]/C is not reached by a timing clock
Related violations: <none>

TIMING-17#810 Critical Warning
Non-clocked sequential cell  
The clock pin design_1_i/okt_top_0/inst/cu_inst/okHI/core0/core0/le78b033d3a3b15350c4085b407bdacef_reg[5]/C is not reached by a timing clock
Related violations: <none>

TIMING-17#811 Critical Warning
Non-clocked sequential cell  
The clock pin design_1_i/okt_top_0/inst/cu_inst/okHI/core0/core0/le78b033d3a3b15350c4085b407bdacef_reg[6]/C is not reached by a timing clock
Related violations: <none>

TIMING-17#812 Critical Warning
Non-clocked sequential cell  
The clock pin design_1_i/okt_top_0/inst/cu_inst/okHI/core0/core0/le78b033d3a3b15350c4085b407bdacef_reg[7]/C is not reached by a timing clock
Related violations: <none>

TIMING-17#813 Critical Warning
Non-clocked sequential cell  
The clock pin design_1_i/okt_top_0/inst/cu_inst/okHI/core0/core0/le78b033d3a3b15350c4085b407bdacef_reg[8]/C is not reached by a timing clock
Related violations: <none>

TIMING-17#814 Critical Warning
Non-clocked sequential cell  
The clock pin design_1_i/okt_top_0/inst/cu_inst/okHI/core0/core0/le78b033d3a3b15350c4085b407bdacef_reg[9]/C is not reached by a timing clock
Related violations: <none>

TIMING-17#815 Critical Warning
Non-clocked sequential cell  
The clock pin design_1_i/okt_top_0/inst/cu_inst/okHI/core0/core0/lfa89f4c19946cfeedd23723568de9e12_reg[0]/C is not reached by a timing clock
Related violations: <none>

TIMING-17#816 Critical Warning
Non-clocked sequential cell  
The clock pin design_1_i/okt_top_0/inst/cu_inst/okHI/core0/core0/lfa89f4c19946cfeedd23723568de9e12_reg[10]/C is not reached by a timing clock
Related violations: <none>

TIMING-17#817 Critical Warning
Non-clocked sequential cell  
The clock pin design_1_i/okt_top_0/inst/cu_inst/okHI/core0/core0/lfa89f4c19946cfeedd23723568de9e12_reg[11]/C is not reached by a timing clock
Related violations: <none>

TIMING-17#818 Critical Warning
Non-clocked sequential cell  
The clock pin design_1_i/okt_top_0/inst/cu_inst/okHI/core0/core0/lfa89f4c19946cfeedd23723568de9e12_reg[12]/C is not reached by a timing clock
Related violations: <none>

TIMING-17#819 Critical Warning
Non-clocked sequential cell  
The clock pin design_1_i/okt_top_0/inst/cu_inst/okHI/core0/core0/lfa89f4c19946cfeedd23723568de9e12_reg[13]/C is not reached by a timing clock
Related violations: <none>

TIMING-17#820 Critical Warning
Non-clocked sequential cell  
The clock pin design_1_i/okt_top_0/inst/cu_inst/okHI/core0/core0/lfa89f4c19946cfeedd23723568de9e12_reg[14]/C is not reached by a timing clock
Related violations: <none>

TIMING-17#821 Critical Warning
Non-clocked sequential cell  
The clock pin design_1_i/okt_top_0/inst/cu_inst/okHI/core0/core0/lfa89f4c19946cfeedd23723568de9e12_reg[15]/C is not reached by a timing clock
Related violations: <none>

TIMING-17#822 Critical Warning
Non-clocked sequential cell  
The clock pin design_1_i/okt_top_0/inst/cu_inst/okHI/core0/core0/lfa89f4c19946cfeedd23723568de9e12_reg[1]/C is not reached by a timing clock
Related violations: <none>

TIMING-17#823 Critical Warning
Non-clocked sequential cell  
The clock pin design_1_i/okt_top_0/inst/cu_inst/okHI/core0/core0/lfa89f4c19946cfeedd23723568de9e12_reg[2]/C is not reached by a timing clock
Related violations: <none>

TIMING-17#824 Critical Warning
Non-clocked sequential cell  
The clock pin design_1_i/okt_top_0/inst/cu_inst/okHI/core0/core0/lfa89f4c19946cfeedd23723568de9e12_reg[3]/C is not reached by a timing clock
Related violations: <none>

TIMING-17#825 Critical Warning
Non-clocked sequential cell  
The clock pin design_1_i/okt_top_0/inst/cu_inst/okHI/core0/core0/lfa89f4c19946cfeedd23723568de9e12_reg[4]/C is not reached by a timing clock
Related violations: <none>

TIMING-17#826 Critical Warning
Non-clocked sequential cell  
The clock pin design_1_i/okt_top_0/inst/cu_inst/okHI/core0/core0/lfa89f4c19946cfeedd23723568de9e12_reg[5]/C is not reached by a timing clock
Related violations: <none>

TIMING-17#827 Critical Warning
Non-clocked sequential cell  
The clock pin design_1_i/okt_top_0/inst/cu_inst/okHI/core0/core0/lfa89f4c19946cfeedd23723568de9e12_reg[6]/C is not reached by a timing clock
Related violations: <none>

TIMING-17#828 Critical Warning
Non-clocked sequential cell  
The clock pin design_1_i/okt_top_0/inst/cu_inst/okHI/core0/core0/lfa89f4c19946cfeedd23723568de9e12_reg[7]/C is not reached by a timing clock
Related violations: <none>

TIMING-17#829 Critical Warning
Non-clocked sequential cell  
The clock pin design_1_i/okt_top_0/inst/cu_inst/okHI/core0/core0/lfa89f4c19946cfeedd23723568de9e12_reg[8]/C is not reached by a timing clock
Related violations: <none>

TIMING-17#830 Critical Warning
Non-clocked sequential cell  
The clock pin design_1_i/okt_top_0/inst/cu_inst/okHI/core0/core0/lfa89f4c19946cfeedd23723568de9e12_reg[9]/C is not reached by a timing clock
Related violations: <none>

TIMING-17#831 Critical Warning
Non-clocked sequential cell  
The clock pin design_1_i/okt_top_0/inst/cu_inst/okHI/core0/core0/lff3d64fc8c56e1daea4118a6081cd348_reg/C is not reached by a timing clock
Related violations: <none>

TIMING-17#832 Critical Warning
Non-clocked sequential cell  
The clock pin design_1_i/okt_top_0/inst/cu_inst/okHI/core0/core0/r0/CLKARDCLK is not reached by a timing clock
Related violations: <none>

TIMING-17#833 Critical Warning
Non-clocked sequential cell  
The clock pin design_1_i/okt_top_0/inst/cu_inst/okHI/core0/core0/r0/CLKBWRCLK is not reached by a timing clock
Related violations: <none>

TIMING-17#834 Critical Warning
Non-clocked sequential cell  
The clock pin design_1_i/okt_top_0/inst/cu_inst/okHI/iob_regs[0].regin0/C is not reached by a timing clock
Related violations: <none>

TIMING-17#835 Critical Warning
Non-clocked sequential cell  
The clock pin design_1_i/okt_top_0/inst/cu_inst/okHI/iob_regs[0].regout0/C is not reached by a timing clock
Related violations: <none>

TIMING-17#836 Critical Warning
Non-clocked sequential cell  
The clock pin design_1_i/okt_top_0/inst/cu_inst/okHI/iob_regs[0].regvalid/C is not reached by a timing clock
Related violations: <none>

TIMING-17#837 Critical Warning
Non-clocked sequential cell  
The clock pin design_1_i/okt_top_0/inst/cu_inst/okHI/iob_regs[10].regin0/C is not reached by a timing clock
Related violations: <none>

TIMING-17#838 Critical Warning
Non-clocked sequential cell  
The clock pin design_1_i/okt_top_0/inst/cu_inst/okHI/iob_regs[10].regout0/C is not reached by a timing clock
Related violations: <none>

TIMING-17#839 Critical Warning
Non-clocked sequential cell  
The clock pin design_1_i/okt_top_0/inst/cu_inst/okHI/iob_regs[10].regvalid/C is not reached by a timing clock
Related violations: <none>

TIMING-17#840 Critical Warning
Non-clocked sequential cell  
The clock pin design_1_i/okt_top_0/inst/cu_inst/okHI/iob_regs[11].regin0/C is not reached by a timing clock
Related violations: <none>

TIMING-17#841 Critical Warning
Non-clocked sequential cell  
The clock pin design_1_i/okt_top_0/inst/cu_inst/okHI/iob_regs[11].regout0/C is not reached by a timing clock
Related violations: <none>

TIMING-17#842 Critical Warning
Non-clocked sequential cell  
The clock pin design_1_i/okt_top_0/inst/cu_inst/okHI/iob_regs[11].regvalid/C is not reached by a timing clock
Related violations: <none>

TIMING-17#843 Critical Warning
Non-clocked sequential cell  
The clock pin design_1_i/okt_top_0/inst/cu_inst/okHI/iob_regs[12].regin0/C is not reached by a timing clock
Related violations: <none>

TIMING-17#844 Critical Warning
Non-clocked sequential cell  
The clock pin design_1_i/okt_top_0/inst/cu_inst/okHI/iob_regs[12].regout0/C is not reached by a timing clock
Related violations: <none>

TIMING-17#845 Critical Warning
Non-clocked sequential cell  
The clock pin design_1_i/okt_top_0/inst/cu_inst/okHI/iob_regs[12].regvalid/C is not reached by a timing clock
Related violations: <none>

TIMING-17#846 Critical Warning
Non-clocked sequential cell  
The clock pin design_1_i/okt_top_0/inst/cu_inst/okHI/iob_regs[13].regin0/C is not reached by a timing clock
Related violations: <none>

TIMING-17#847 Critical Warning
Non-clocked sequential cell  
The clock pin design_1_i/okt_top_0/inst/cu_inst/okHI/iob_regs[13].regout0/C is not reached by a timing clock
Related violations: <none>

TIMING-17#848 Critical Warning
Non-clocked sequential cell  
The clock pin design_1_i/okt_top_0/inst/cu_inst/okHI/iob_regs[13].regvalid/C is not reached by a timing clock
Related violations: <none>

TIMING-17#849 Critical Warning
Non-clocked sequential cell  
The clock pin design_1_i/okt_top_0/inst/cu_inst/okHI/iob_regs[14].regin0/C is not reached by a timing clock
Related violations: <none>

TIMING-17#850 Critical Warning
Non-clocked sequential cell  
The clock pin design_1_i/okt_top_0/inst/cu_inst/okHI/iob_regs[14].regout0/C is not reached by a timing clock
Related violations: <none>

TIMING-17#851 Critical Warning
Non-clocked sequential cell  
The clock pin design_1_i/okt_top_0/inst/cu_inst/okHI/iob_regs[14].regvalid/C is not reached by a timing clock
Related violations: <none>

TIMING-17#852 Critical Warning
Non-clocked sequential cell  
The clock pin design_1_i/okt_top_0/inst/cu_inst/okHI/iob_regs[15].regin0/C is not reached by a timing clock
Related violations: <none>

TIMING-17#853 Critical Warning
Non-clocked sequential cell  
The clock pin design_1_i/okt_top_0/inst/cu_inst/okHI/iob_regs[15].regout0/C is not reached by a timing clock
Related violations: <none>

TIMING-17#854 Critical Warning
Non-clocked sequential cell  
The clock pin design_1_i/okt_top_0/inst/cu_inst/okHI/iob_regs[15].regvalid/C is not reached by a timing clock
Related violations: <none>

TIMING-17#855 Critical Warning
Non-clocked sequential cell  
The clock pin design_1_i/okt_top_0/inst/cu_inst/okHI/iob_regs[16].regin0/C is not reached by a timing clock
Related violations: <none>

TIMING-17#856 Critical Warning
Non-clocked sequential cell  
The clock pin design_1_i/okt_top_0/inst/cu_inst/okHI/iob_regs[16].regout0/C is not reached by a timing clock
Related violations: <none>

TIMING-17#857 Critical Warning
Non-clocked sequential cell  
The clock pin design_1_i/okt_top_0/inst/cu_inst/okHI/iob_regs[16].regvalid/C is not reached by a timing clock
Related violations: <none>

TIMING-17#858 Critical Warning
Non-clocked sequential cell  
The clock pin design_1_i/okt_top_0/inst/cu_inst/okHI/iob_regs[17].regin0/C is not reached by a timing clock
Related violations: <none>

TIMING-17#859 Critical Warning
Non-clocked sequential cell  
The clock pin design_1_i/okt_top_0/inst/cu_inst/okHI/iob_regs[17].regout0/C is not reached by a timing clock
Related violations: <none>

TIMING-17#860 Critical Warning
Non-clocked sequential cell  
The clock pin design_1_i/okt_top_0/inst/cu_inst/okHI/iob_regs[17].regvalid/C is not reached by a timing clock
Related violations: <none>

TIMING-17#861 Critical Warning
Non-clocked sequential cell  
The clock pin design_1_i/okt_top_0/inst/cu_inst/okHI/iob_regs[18].regin0/C is not reached by a timing clock
Related violations: <none>

TIMING-17#862 Critical Warning
Non-clocked sequential cell  
The clock pin design_1_i/okt_top_0/inst/cu_inst/okHI/iob_regs[18].regout0/C is not reached by a timing clock
Related violations: <none>

TIMING-17#863 Critical Warning
Non-clocked sequential cell  
The clock pin design_1_i/okt_top_0/inst/cu_inst/okHI/iob_regs[18].regvalid/C is not reached by a timing clock
Related violations: <none>

TIMING-17#864 Critical Warning
Non-clocked sequential cell  
The clock pin design_1_i/okt_top_0/inst/cu_inst/okHI/iob_regs[19].regin0/C is not reached by a timing clock
Related violations: <none>

TIMING-17#865 Critical Warning
Non-clocked sequential cell  
The clock pin design_1_i/okt_top_0/inst/cu_inst/okHI/iob_regs[19].regout0/C is not reached by a timing clock
Related violations: <none>

TIMING-17#866 Critical Warning
Non-clocked sequential cell  
The clock pin design_1_i/okt_top_0/inst/cu_inst/okHI/iob_regs[19].regvalid/C is not reached by a timing clock
Related violations: <none>

TIMING-17#867 Critical Warning
Non-clocked sequential cell  
The clock pin design_1_i/okt_top_0/inst/cu_inst/okHI/iob_regs[1].regin0/C is not reached by a timing clock
Related violations: <none>

TIMING-17#868 Critical Warning
Non-clocked sequential cell  
The clock pin design_1_i/okt_top_0/inst/cu_inst/okHI/iob_regs[1].regout0/C is not reached by a timing clock
Related violations: <none>

TIMING-17#869 Critical Warning
Non-clocked sequential cell  
The clock pin design_1_i/okt_top_0/inst/cu_inst/okHI/iob_regs[1].regvalid/C is not reached by a timing clock
Related violations: <none>

TIMING-17#870 Critical Warning
Non-clocked sequential cell  
The clock pin design_1_i/okt_top_0/inst/cu_inst/okHI/iob_regs[20].regin0/C is not reached by a timing clock
Related violations: <none>

TIMING-17#871 Critical Warning
Non-clocked sequential cell  
The clock pin design_1_i/okt_top_0/inst/cu_inst/okHI/iob_regs[20].regout0/C is not reached by a timing clock
Related violations: <none>

TIMING-17#872 Critical Warning
Non-clocked sequential cell  
The clock pin design_1_i/okt_top_0/inst/cu_inst/okHI/iob_regs[20].regvalid/C is not reached by a timing clock
Related violations: <none>

TIMING-17#873 Critical Warning
Non-clocked sequential cell  
The clock pin design_1_i/okt_top_0/inst/cu_inst/okHI/iob_regs[21].regin0/C is not reached by a timing clock
Related violations: <none>

TIMING-17#874 Critical Warning
Non-clocked sequential cell  
The clock pin design_1_i/okt_top_0/inst/cu_inst/okHI/iob_regs[21].regout0/C is not reached by a timing clock
Related violations: <none>

TIMING-17#875 Critical Warning
Non-clocked sequential cell  
The clock pin design_1_i/okt_top_0/inst/cu_inst/okHI/iob_regs[21].regvalid/C is not reached by a timing clock
Related violations: <none>

TIMING-17#876 Critical Warning
Non-clocked sequential cell  
The clock pin design_1_i/okt_top_0/inst/cu_inst/okHI/iob_regs[22].regin0/C is not reached by a timing clock
Related violations: <none>

TIMING-17#877 Critical Warning
Non-clocked sequential cell  
The clock pin design_1_i/okt_top_0/inst/cu_inst/okHI/iob_regs[22].regout0/C is not reached by a timing clock
Related violations: <none>

TIMING-17#878 Critical Warning
Non-clocked sequential cell  
The clock pin design_1_i/okt_top_0/inst/cu_inst/okHI/iob_regs[22].regvalid/C is not reached by a timing clock
Related violations: <none>

TIMING-17#879 Critical Warning
Non-clocked sequential cell  
The clock pin design_1_i/okt_top_0/inst/cu_inst/okHI/iob_regs[23].regin0/C is not reached by a timing clock
Related violations: <none>

TIMING-17#880 Critical Warning
Non-clocked sequential cell  
The clock pin design_1_i/okt_top_0/inst/cu_inst/okHI/iob_regs[23].regout0/C is not reached by a timing clock
Related violations: <none>

TIMING-17#881 Critical Warning
Non-clocked sequential cell  
The clock pin design_1_i/okt_top_0/inst/cu_inst/okHI/iob_regs[23].regvalid/C is not reached by a timing clock
Related violations: <none>

TIMING-17#882 Critical Warning
Non-clocked sequential cell  
The clock pin design_1_i/okt_top_0/inst/cu_inst/okHI/iob_regs[24].regin0/C is not reached by a timing clock
Related violations: <none>

TIMING-17#883 Critical Warning
Non-clocked sequential cell  
The clock pin design_1_i/okt_top_0/inst/cu_inst/okHI/iob_regs[24].regout0/C is not reached by a timing clock
Related violations: <none>

TIMING-17#884 Critical Warning
Non-clocked sequential cell  
The clock pin design_1_i/okt_top_0/inst/cu_inst/okHI/iob_regs[24].regvalid/C is not reached by a timing clock
Related violations: <none>

TIMING-17#885 Critical Warning
Non-clocked sequential cell  
The clock pin design_1_i/okt_top_0/inst/cu_inst/okHI/iob_regs[25].regin0/C is not reached by a timing clock
Related violations: <none>

TIMING-17#886 Critical Warning
Non-clocked sequential cell  
The clock pin design_1_i/okt_top_0/inst/cu_inst/okHI/iob_regs[25].regout0/C is not reached by a timing clock
Related violations: <none>

TIMING-17#887 Critical Warning
Non-clocked sequential cell  
The clock pin design_1_i/okt_top_0/inst/cu_inst/okHI/iob_regs[25].regvalid/C is not reached by a timing clock
Related violations: <none>

TIMING-17#888 Critical Warning
Non-clocked sequential cell  
The clock pin design_1_i/okt_top_0/inst/cu_inst/okHI/iob_regs[26].regin0/C is not reached by a timing clock
Related violations: <none>

TIMING-17#889 Critical Warning
Non-clocked sequential cell  
The clock pin design_1_i/okt_top_0/inst/cu_inst/okHI/iob_regs[26].regout0/C is not reached by a timing clock
Related violations: <none>

TIMING-17#890 Critical Warning
Non-clocked sequential cell  
The clock pin design_1_i/okt_top_0/inst/cu_inst/okHI/iob_regs[26].regvalid/C is not reached by a timing clock
Related violations: <none>

TIMING-17#891 Critical Warning
Non-clocked sequential cell  
The clock pin design_1_i/okt_top_0/inst/cu_inst/okHI/iob_regs[27].regin0/C is not reached by a timing clock
Related violations: <none>

TIMING-17#892 Critical Warning
Non-clocked sequential cell  
The clock pin design_1_i/okt_top_0/inst/cu_inst/okHI/iob_regs[27].regout0/C is not reached by a timing clock
Related violations: <none>

TIMING-17#893 Critical Warning
Non-clocked sequential cell  
The clock pin design_1_i/okt_top_0/inst/cu_inst/okHI/iob_regs[27].regvalid/C is not reached by a timing clock
Related violations: <none>

TIMING-17#894 Critical Warning
Non-clocked sequential cell  
The clock pin design_1_i/okt_top_0/inst/cu_inst/okHI/iob_regs[28].regin0/C is not reached by a timing clock
Related violations: <none>

TIMING-17#895 Critical Warning
Non-clocked sequential cell  
The clock pin design_1_i/okt_top_0/inst/cu_inst/okHI/iob_regs[28].regout0/C is not reached by a timing clock
Related violations: <none>

TIMING-17#896 Critical Warning
Non-clocked sequential cell  
The clock pin design_1_i/okt_top_0/inst/cu_inst/okHI/iob_regs[28].regvalid/C is not reached by a timing clock
Related violations: <none>

TIMING-17#897 Critical Warning
Non-clocked sequential cell  
The clock pin design_1_i/okt_top_0/inst/cu_inst/okHI/iob_regs[29].regin0/C is not reached by a timing clock
Related violations: <none>

TIMING-17#898 Critical Warning
Non-clocked sequential cell  
The clock pin design_1_i/okt_top_0/inst/cu_inst/okHI/iob_regs[29].regout0/C is not reached by a timing clock
Related violations: <none>

TIMING-17#899 Critical Warning
Non-clocked sequential cell  
The clock pin design_1_i/okt_top_0/inst/cu_inst/okHI/iob_regs[29].regvalid/C is not reached by a timing clock
Related violations: <none>

TIMING-17#900 Critical Warning
Non-clocked sequential cell  
The clock pin design_1_i/okt_top_0/inst/cu_inst/okHI/iob_regs[2].regin0/C is not reached by a timing clock
Related violations: <none>

TIMING-17#901 Critical Warning
Non-clocked sequential cell  
The clock pin design_1_i/okt_top_0/inst/cu_inst/okHI/iob_regs[2].regout0/C is not reached by a timing clock
Related violations: <none>

TIMING-17#902 Critical Warning
Non-clocked sequential cell  
The clock pin design_1_i/okt_top_0/inst/cu_inst/okHI/iob_regs[2].regvalid/C is not reached by a timing clock
Related violations: <none>

TIMING-17#903 Critical Warning
Non-clocked sequential cell  
The clock pin design_1_i/okt_top_0/inst/cu_inst/okHI/iob_regs[30].regin0/C is not reached by a timing clock
Related violations: <none>

TIMING-17#904 Critical Warning
Non-clocked sequential cell  
The clock pin design_1_i/okt_top_0/inst/cu_inst/okHI/iob_regs[30].regout0/C is not reached by a timing clock
Related violations: <none>

TIMING-17#905 Critical Warning
Non-clocked sequential cell  
The clock pin design_1_i/okt_top_0/inst/cu_inst/okHI/iob_regs[30].regvalid/C is not reached by a timing clock
Related violations: <none>

TIMING-17#906 Critical Warning
Non-clocked sequential cell  
The clock pin design_1_i/okt_top_0/inst/cu_inst/okHI/iob_regs[31].regin0/C is not reached by a timing clock
Related violations: <none>

TIMING-17#907 Critical Warning
Non-clocked sequential cell  
The clock pin design_1_i/okt_top_0/inst/cu_inst/okHI/iob_regs[31].regout0/C is not reached by a timing clock
Related violations: <none>

TIMING-17#908 Critical Warning
Non-clocked sequential cell  
The clock pin design_1_i/okt_top_0/inst/cu_inst/okHI/iob_regs[31].regvalid/C is not reached by a timing clock
Related violations: <none>

TIMING-17#909 Critical Warning
Non-clocked sequential cell  
The clock pin design_1_i/okt_top_0/inst/cu_inst/okHI/iob_regs[3].regin0/C is not reached by a timing clock
Related violations: <none>

TIMING-17#910 Critical Warning
Non-clocked sequential cell  
The clock pin design_1_i/okt_top_0/inst/cu_inst/okHI/iob_regs[3].regout0/C is not reached by a timing clock
Related violations: <none>

TIMING-17#911 Critical Warning
Non-clocked sequential cell  
The clock pin design_1_i/okt_top_0/inst/cu_inst/okHI/iob_regs[3].regvalid/C is not reached by a timing clock
Related violations: <none>

TIMING-17#912 Critical Warning
Non-clocked sequential cell  
The clock pin design_1_i/okt_top_0/inst/cu_inst/okHI/iob_regs[4].regin0/C is not reached by a timing clock
Related violations: <none>

TIMING-17#913 Critical Warning
Non-clocked sequential cell  
The clock pin design_1_i/okt_top_0/inst/cu_inst/okHI/iob_regs[4].regout0/C is not reached by a timing clock
Related violations: <none>

TIMING-17#914 Critical Warning
Non-clocked sequential cell  
The clock pin design_1_i/okt_top_0/inst/cu_inst/okHI/iob_regs[4].regvalid/C is not reached by a timing clock
Related violations: <none>

TIMING-17#915 Critical Warning
Non-clocked sequential cell  
The clock pin design_1_i/okt_top_0/inst/cu_inst/okHI/iob_regs[5].regin0/C is not reached by a timing clock
Related violations: <none>

TIMING-17#916 Critical Warning
Non-clocked sequential cell  
The clock pin design_1_i/okt_top_0/inst/cu_inst/okHI/iob_regs[5].regout0/C is not reached by a timing clock
Related violations: <none>

TIMING-17#917 Critical Warning
Non-clocked sequential cell  
The clock pin design_1_i/okt_top_0/inst/cu_inst/okHI/iob_regs[5].regvalid/C is not reached by a timing clock
Related violations: <none>

TIMING-17#918 Critical Warning
Non-clocked sequential cell  
The clock pin design_1_i/okt_top_0/inst/cu_inst/okHI/iob_regs[6].regin0/C is not reached by a timing clock
Related violations: <none>

TIMING-17#919 Critical Warning
Non-clocked sequential cell  
The clock pin design_1_i/okt_top_0/inst/cu_inst/okHI/iob_regs[6].regout0/C is not reached by a timing clock
Related violations: <none>

TIMING-17#920 Critical Warning
Non-clocked sequential cell  
The clock pin design_1_i/okt_top_0/inst/cu_inst/okHI/iob_regs[6].regvalid/C is not reached by a timing clock
Related violations: <none>

TIMING-17#921 Critical Warning
Non-clocked sequential cell  
The clock pin design_1_i/okt_top_0/inst/cu_inst/okHI/iob_regs[7].regin0/C is not reached by a timing clock
Related violations: <none>

TIMING-17#922 Critical Warning
Non-clocked sequential cell  
The clock pin design_1_i/okt_top_0/inst/cu_inst/okHI/iob_regs[7].regout0/C is not reached by a timing clock
Related violations: <none>

TIMING-17#923 Critical Warning
Non-clocked sequential cell  
The clock pin design_1_i/okt_top_0/inst/cu_inst/okHI/iob_regs[7].regvalid/C is not reached by a timing clock
Related violations: <none>

TIMING-17#924 Critical Warning
Non-clocked sequential cell  
The clock pin design_1_i/okt_top_0/inst/cu_inst/okHI/iob_regs[8].regin0/C is not reached by a timing clock
Related violations: <none>

TIMING-17#925 Critical Warning
Non-clocked sequential cell  
The clock pin design_1_i/okt_top_0/inst/cu_inst/okHI/iob_regs[8].regout0/C is not reached by a timing clock
Related violations: <none>

TIMING-17#926 Critical Warning
Non-clocked sequential cell  
The clock pin design_1_i/okt_top_0/inst/cu_inst/okHI/iob_regs[8].regvalid/C is not reached by a timing clock
Related violations: <none>

TIMING-17#927 Critical Warning
Non-clocked sequential cell  
The clock pin design_1_i/okt_top_0/inst/cu_inst/okHI/iob_regs[9].regin0/C is not reached by a timing clock
Related violations: <none>

TIMING-17#928 Critical Warning
Non-clocked sequential cell  
The clock pin design_1_i/okt_top_0/inst/cu_inst/okHI/iob_regs[9].regout0/C is not reached by a timing clock
Related violations: <none>

TIMING-17#929 Critical Warning
Non-clocked sequential cell  
The clock pin design_1_i/okt_top_0/inst/cu_inst/okHI/iob_regs[9].regvalid/C is not reached by a timing clock
Related violations: <none>

TIMING-17#930 Critical Warning
Non-clocked sequential cell  
The clock pin design_1_i/okt_top_0/inst/cu_inst/okHI/regctrlin0a/C is not reached by a timing clock
Related violations: <none>

TIMING-17#931 Critical Warning
Non-clocked sequential cell  
The clock pin design_1_i/okt_top_0/inst/cu_inst/okHI/regctrlin1a/C is not reached by a timing clock
Related violations: <none>

TIMING-17#932 Critical Warning
Non-clocked sequential cell  
The clock pin design_1_i/okt_top_0/inst/cu_inst/okHI/regctrlin2a/C is not reached by a timing clock
Related violations: <none>

TIMING-17#933 Critical Warning
Non-clocked sequential cell  
The clock pin design_1_i/okt_top_0/inst/cu_inst/okHI/regctrlin3a/C is not reached by a timing clock
Related violations: <none>

TIMING-17#934 Critical Warning
Non-clocked sequential cell  
The clock pin design_1_i/okt_top_0/inst/cu_inst/okHI/regctrlout0/C is not reached by a timing clock
Related violations: <none>

TIMING-17#935 Critical Warning
Non-clocked sequential cell  
The clock pin design_1_i/okt_top_0/inst/cu_inst/okHI/regctrlout1/C is not reached by a timing clock
Related violations: <none>

TIMING-17#936 Critical Warning
Non-clocked sequential cell  
The clock pin design_1_i/okt_top_0/inst/cu_inst/okHI/regctrlout2/C is not reached by a timing clock
Related violations: <none>

TIMING-17#937 Critical Warning
Non-clocked sequential cell  
The clock pin design_1_i/okt_top_0/inst/cu_inst/rst_EP/ep_datahold_reg[0]/C is not reached by a timing clock
Related violations: <none>

TIMING-17#938 Critical Warning
Non-clocked sequential cell  
The clock pin design_1_i/okt_top_0/inst/cu_inst/rst_EP/ep_dataout_reg[0]/C is not reached by a timing clock
Related violations: <none>

TIMING-17#939 Critical Warning
Non-clocked sequential cell  
The clock pin design_1_i/okt_top_0/inst/cu_inst/rst_EP/ep_dataout_reg[0]_lopt_replica/C is not reached by a timing clock
Related violations: <none>

TIMING-17#940 Critical Warning
Non-clocked sequential cell  
The clock pin design_1_i/okt_top_0/inst/cu_inst/selInput_EP/ep_datahold_reg[0]/C is not reached by a timing clock
Related violations: <none>

TIMING-17#941 Critical Warning
Non-clocked sequential cell  
The clock pin design_1_i/okt_top_0/inst/cu_inst/selInput_EP/ep_datahold_reg[1]/C is not reached by a timing clock
Related violations: <none>

TIMING-17#942 Critical Warning
Non-clocked sequential cell  
The clock pin design_1_i/okt_top_0/inst/cu_inst/selInput_EP/ep_datahold_reg[2]/C is not reached by a timing clock
Related violations: <none>

TIMING-17#943 Critical Warning
Non-clocked sequential cell  
The clock pin design_1_i/okt_top_0/inst/cu_inst/selInput_EP/ep_dataout_reg[0]/C is not reached by a timing clock
Related violations: <none>

TIMING-17#944 Critical Warning
Non-clocked sequential cell  
The clock pin design_1_i/okt_top_0/inst/cu_inst/selInput_EP/ep_dataout_reg[1]/C is not reached by a timing clock
Related violations: <none>

TIMING-17#945 Critical Warning
Non-clocked sequential cell  
The clock pin design_1_i/okt_top_0/inst/cu_inst/selInput_EP/ep_dataout_reg[2]/C is not reached by a timing clock
Related violations: <none>

TIMING-17#946 Critical Warning
Non-clocked sequential cell  
The clock pin design_1_i/okt_top_0/inst/ecu_inst/ECU_fifo_r_en_end_reg/C is not reached by a timing clock
Related violations: <none>

TIMING-17#947 Critical Warning
Non-clocked sequential cell  
The clock pin design_1_i/okt_top_0/inst/ecu_inst/ECU_fifo_r_en_latched_reg/C is not reached by a timing clock
Related violations: <none>

TIMING-17#948 Critical Warning
Non-clocked sequential cell  
The clock pin design_1_i/okt_top_0/inst/ecu_inst/ECU_usb_ready_reg/C is not reached by a timing clock
Related violations: <none>

TIMING-17#949 Critical Warning
Non-clocked sequential cell  
The clock pin design_1_i/okt_top_0/inst/ecu_inst/FSM_sequential_r_okt_ecu_control_state_reg[0]/C is not reached by a timing clock
Related violations: <none>

TIMING-17#950 Critical Warning
Non-clocked sequential cell  
The clock pin design_1_i/okt_top_0/inst/ecu_inst/FSM_sequential_r_okt_ecu_control_state_reg[1]/C is not reached by a timing clock
Related violations: <none>

TIMING-17#951 Critical Warning
Non-clocked sequential cell  
The clock pin design_1_i/okt_top_0/inst/ecu_inst/FSM_sequential_r_okt_ecu_control_state_reg[2]/C is not reached by a timing clock
Related violations: <none>

TIMING-17#952 Critical Warning
Non-clocked sequential cell  
The clock pin design_1_i/okt_top_0/inst/ecu_inst/control_ECU_usb_ready.usb_burst_reg[0]/C is not reached by a timing clock
Related violations: <none>

TIMING-17#953 Critical Warning
Non-clocked sequential cell  
The clock pin design_1_i/okt_top_0/inst/ecu_inst/control_ECU_usb_ready.usb_burst_reg[10]/C is not reached by a timing clock
Related violations: <none>

TIMING-17#954 Critical Warning
Non-clocked sequential cell  
The clock pin design_1_i/okt_top_0/inst/ecu_inst/control_ECU_usb_ready.usb_burst_reg[1]/C is not reached by a timing clock
Related violations: <none>

TIMING-17#955 Critical Warning
Non-clocked sequential cell  
The clock pin design_1_i/okt_top_0/inst/ecu_inst/control_ECU_usb_ready.usb_burst_reg[2]/C is not reached by a timing clock
Related violations: <none>

TIMING-17#956 Critical Warning
Non-clocked sequential cell  
The clock pin design_1_i/okt_top_0/inst/ecu_inst/control_ECU_usb_ready.usb_burst_reg[3]/C is not reached by a timing clock
Related violations: <none>

TIMING-17#957 Critical Warning
Non-clocked sequential cell  
The clock pin design_1_i/okt_top_0/inst/ecu_inst/control_ECU_usb_ready.usb_burst_reg[4]/C is not reached by a timing clock
Related violations: <none>

TIMING-17#958 Critical Warning
Non-clocked sequential cell  
The clock pin design_1_i/okt_top_0/inst/ecu_inst/control_ECU_usb_ready.usb_burst_reg[5]/C is not reached by a timing clock
Related violations: <none>

TIMING-17#959 Critical Warning
Non-clocked sequential cell  
The clock pin design_1_i/okt_top_0/inst/ecu_inst/control_ECU_usb_ready.usb_burst_reg[6]/C is not reached by a timing clock
Related violations: <none>

TIMING-17#960 Critical Warning
Non-clocked sequential cell  
The clock pin design_1_i/okt_top_0/inst/ecu_inst/control_ECU_usb_ready.usb_burst_reg[7]/C is not reached by a timing clock
Related violations: <none>

TIMING-17#961 Critical Warning
Non-clocked sequential cell  
The clock pin design_1_i/okt_top_0/inst/ecu_inst/control_ECU_usb_ready.usb_burst_reg[8]/C is not reached by a timing clock
Related violations: <none>

TIMING-17#962 Critical Warning
Non-clocked sequential cell  
The clock pin design_1_i/okt_top_0/inst/ecu_inst/control_ECU_usb_ready.usb_burst_reg[9]/C is not reached by a timing clock
Related violations: <none>

TIMING-17#963 Critical Warning
Non-clocked sequential cell  
The clock pin design_1_i/okt_top_0/inst/ecu_inst/r_timestamp_reg[0]/C is not reached by a timing clock
Related violations: <none>

TIMING-17#964 Critical Warning
Non-clocked sequential cell  
The clock pin design_1_i/okt_top_0/inst/ecu_inst/r_timestamp_reg[10]/C is not reached by a timing clock
Related violations: <none>

TIMING-17#965 Critical Warning
Non-clocked sequential cell  
The clock pin design_1_i/okt_top_0/inst/ecu_inst/r_timestamp_reg[11]/C is not reached by a timing clock
Related violations: <none>

TIMING-17#966 Critical Warning
Non-clocked sequential cell  
The clock pin design_1_i/okt_top_0/inst/ecu_inst/r_timestamp_reg[12]/C is not reached by a timing clock
Related violations: <none>

TIMING-17#967 Critical Warning
Non-clocked sequential cell  
The clock pin design_1_i/okt_top_0/inst/ecu_inst/r_timestamp_reg[13]/C is not reached by a timing clock
Related violations: <none>

TIMING-17#968 Critical Warning
Non-clocked sequential cell  
The clock pin design_1_i/okt_top_0/inst/ecu_inst/r_timestamp_reg[14]/C is not reached by a timing clock
Related violations: <none>

TIMING-17#969 Critical Warning
Non-clocked sequential cell  
The clock pin design_1_i/okt_top_0/inst/ecu_inst/r_timestamp_reg[15]/C is not reached by a timing clock
Related violations: <none>

TIMING-17#970 Critical Warning
Non-clocked sequential cell  
The clock pin design_1_i/okt_top_0/inst/ecu_inst/r_timestamp_reg[16]/C is not reached by a timing clock
Related violations: <none>

TIMING-17#971 Critical Warning
Non-clocked sequential cell  
The clock pin design_1_i/okt_top_0/inst/ecu_inst/r_timestamp_reg[17]/C is not reached by a timing clock
Related violations: <none>

TIMING-17#972 Critical Warning
Non-clocked sequential cell  
The clock pin design_1_i/okt_top_0/inst/ecu_inst/r_timestamp_reg[18]/C is not reached by a timing clock
Related violations: <none>

TIMING-17#973 Critical Warning
Non-clocked sequential cell  
The clock pin design_1_i/okt_top_0/inst/ecu_inst/r_timestamp_reg[19]/C is not reached by a timing clock
Related violations: <none>

TIMING-17#974 Critical Warning
Non-clocked sequential cell  
The clock pin design_1_i/okt_top_0/inst/ecu_inst/r_timestamp_reg[1]/C is not reached by a timing clock
Related violations: <none>

TIMING-17#975 Critical Warning
Non-clocked sequential cell  
The clock pin design_1_i/okt_top_0/inst/ecu_inst/r_timestamp_reg[20]/C is not reached by a timing clock
Related violations: <none>

TIMING-17#976 Critical Warning
Non-clocked sequential cell  
The clock pin design_1_i/okt_top_0/inst/ecu_inst/r_timestamp_reg[21]/C is not reached by a timing clock
Related violations: <none>

TIMING-17#977 Critical Warning
Non-clocked sequential cell  
The clock pin design_1_i/okt_top_0/inst/ecu_inst/r_timestamp_reg[2]/C is not reached by a timing clock
Related violations: <none>

TIMING-17#978 Critical Warning
Non-clocked sequential cell  
The clock pin design_1_i/okt_top_0/inst/ecu_inst/r_timestamp_reg[3]/C is not reached by a timing clock
Related violations: <none>

TIMING-17#979 Critical Warning
Non-clocked sequential cell  
The clock pin design_1_i/okt_top_0/inst/ecu_inst/r_timestamp_reg[4]/C is not reached by a timing clock
Related violations: <none>

TIMING-17#980 Critical Warning
Non-clocked sequential cell  
The clock pin design_1_i/okt_top_0/inst/ecu_inst/r_timestamp_reg[5]/C is not reached by a timing clock
Related violations: <none>

TIMING-17#981 Critical Warning
Non-clocked sequential cell  
The clock pin design_1_i/okt_top_0/inst/ecu_inst/r_timestamp_reg[6]/C is not reached by a timing clock
Related violations: <none>

TIMING-17#982 Critical Warning
Non-clocked sequential cell  
The clock pin design_1_i/okt_top_0/inst/ecu_inst/r_timestamp_reg[7]/C is not reached by a timing clock
Related violations: <none>

TIMING-17#983 Critical Warning
Non-clocked sequential cell  
The clock pin design_1_i/okt_top_0/inst/ecu_inst/r_timestamp_reg[8]/C is not reached by a timing clock
Related violations: <none>

TIMING-17#984 Critical Warning
Non-clocked sequential cell  
The clock pin design_1_i/okt_top_0/inst/ecu_inst/r_timestamp_reg[9]/C is not reached by a timing clock
Related violations: <none>

TIMING-17#985 Critical Warning
Non-clocked sequential cell  
The clock pin design_1_i/okt_top_0/inst/ecu_inst/ring_buffer/head_reg[0]/C is not reached by a timing clock
Related violations: <none>

TIMING-17#986 Critical Warning
Non-clocked sequential cell  
The clock pin design_1_i/okt_top_0/inst/ecu_inst/ring_buffer/head_reg[10]/C is not reached by a timing clock
Related violations: <none>

TIMING-17#987 Critical Warning
Non-clocked sequential cell  
The clock pin design_1_i/okt_top_0/inst/ecu_inst/ring_buffer/head_reg[11]/C is not reached by a timing clock
Related violations: <none>

TIMING-17#988 Critical Warning
Non-clocked sequential cell  
The clock pin design_1_i/okt_top_0/inst/ecu_inst/ring_buffer/head_reg[12]/C is not reached by a timing clock
Related violations: <none>

TIMING-17#989 Critical Warning
Non-clocked sequential cell  
The clock pin design_1_i/okt_top_0/inst/ecu_inst/ring_buffer/head_reg[13]/C is not reached by a timing clock
Related violations: <none>

TIMING-17#990 Critical Warning
Non-clocked sequential cell  
The clock pin design_1_i/okt_top_0/inst/ecu_inst/ring_buffer/head_reg[14]/C is not reached by a timing clock
Related violations: <none>

TIMING-17#991 Critical Warning
Non-clocked sequential cell  
The clock pin design_1_i/okt_top_0/inst/ecu_inst/ring_buffer/head_reg[1]/C is not reached by a timing clock
Related violations: <none>

TIMING-17#992 Critical Warning
Non-clocked sequential cell  
The clock pin design_1_i/okt_top_0/inst/ecu_inst/ring_buffer/head_reg[2]/C is not reached by a timing clock
Related violations: <none>

TIMING-17#993 Critical Warning
Non-clocked sequential cell  
The clock pin design_1_i/okt_top_0/inst/ecu_inst/ring_buffer/head_reg[3]/C is not reached by a timing clock
Related violations: <none>

TIMING-17#994 Critical Warning
Non-clocked sequential cell  
The clock pin design_1_i/okt_top_0/inst/ecu_inst/ring_buffer/head_reg[4]/C is not reached by a timing clock
Related violations: <none>

TIMING-17#995 Critical Warning
Non-clocked sequential cell  
The clock pin design_1_i/okt_top_0/inst/ecu_inst/ring_buffer/head_reg[5]/C is not reached by a timing clock
Related violations: <none>

TIMING-17#996 Critical Warning
Non-clocked sequential cell  
The clock pin design_1_i/okt_top_0/inst/ecu_inst/ring_buffer/head_reg[6]/C is not reached by a timing clock
Related violations: <none>

TIMING-17#997 Critical Warning
Non-clocked sequential cell  
The clock pin design_1_i/okt_top_0/inst/ecu_inst/ring_buffer/head_reg[7]/C is not reached by a timing clock
Related violations: <none>

TIMING-17#998 Critical Warning
Non-clocked sequential cell  
The clock pin design_1_i/okt_top_0/inst/ecu_inst/ring_buffer/head_reg[8]/C is not reached by a timing clock
Related violations: <none>

TIMING-17#999 Critical Warning
Non-clocked sequential cell  
The clock pin design_1_i/okt_top_0/inst/ecu_inst/ring_buffer/head_reg[9]/C is not reached by a timing clock
Related violations: <none>

TIMING-17#1000 Critical Warning
Non-clocked sequential cell  
The clock pin design_1_i/okt_top_0/inst/ecu_inst/ring_buffer/ram_reg_0_0/CLKARDCLK is not reached by a timing clock
Related violations: <none>

TIMING-27#1 Critical Warning
Invalid primary clock on hierarchical pin  
A primary clock design_1_i/clk_wiz_0/inst/clk_in1 is created on an inappropriate internal pin design_1_i/clk_wiz_0/inst/clk_in1. It is not recommended to create a primary clock on a hierarchical pin when its driver pin has a fanout connected to multiple clock pins
Related violations: <none>

LUTAR-1#1 Warning
LUT drives async reset alert  
LUT cell dbg_hub/inst/BSCANID.u_xsdbm_id/CORE_XSDB.UUT_MASTER/U_ICON_INTERFACE/U_CMD6_RD/U_RD_FIFO/SUBCORE_FIFO.xsdbm_v3_0_0_rdfifo_inst/inst_fifo_gen/gconvfifo.rf/grf.rf/rstblk/ngwrdrst.grst.g7serrst.gwrrd_rst_sync_stage[2].rrst_inst/ngwrdrst.grst.g7serrst.rd_rst_reg[2]_i_1, with 2 or more inputs, drives asynchronous preset/clear pin(s) dbg_hub/inst/BSCANID.u_xsdbm_id/CORE_XSDB.UUT_MASTER/U_ICON_INTERFACE/U_CMD6_RD/U_RD_FIFO/SUBCORE_FIFO.xsdbm_v3_0_0_rdfifo_inst/inst_fifo_gen/gconvfifo.rf/grf.rf/rstblk/ngwrdrst.grst.g7serrst.rd_rst_reg_reg[0]/PRE,
dbg_hub/inst/BSCANID.u_xsdbm_id/CORE_XSDB.UUT_MASTER/U_ICON_INTERFACE/U_CMD6_RD/U_RD_FIFO/SUBCORE_FIFO.xsdbm_v3_0_0_rdfifo_inst/inst_fifo_gen/gconvfifo.rf/grf.rf/rstblk/ngwrdrst.grst.g7serrst.rd_rst_reg_reg[1]/PRE
dbg_hub/inst/BSCANID.u_xsdbm_id/CORE_XSDB.UUT_MASTER/U_ICON_INTERFACE/U_CMD6_RD/U_RD_FIFO/SUBCORE_FIFO.xsdbm_v3_0_0_rdfifo_inst/inst_fifo_gen/gconvfifo.rf/grf.rf/rstblk/ngwrdrst.grst.g7serrst.rd_rst_reg_reg[2]/PRE. The LUT may glitch and trigger an unexpected reset, even if it is a properly timed path.
Related violations: <none>

LUTAR-1#2 Warning
LUT drives async reset alert  
LUT cell dbg_hub/inst/BSCANID.u_xsdbm_id/CORE_XSDB.UUT_MASTER/U_ICON_INTERFACE/U_CMD6_RD/U_RD_FIFO/SUBCORE_FIFO.xsdbm_v3_0_0_rdfifo_inst/inst_fifo_gen/gconvfifo.rf/grf.rf/rstblk/ngwrdrst.grst.g7serrst.gwrrd_rst_sync_stage[2].wrst_inst/ngwrdrst.grst.g7serrst.wr_rst_reg[2]_i_1, with 2 or more inputs, drives asynchronous preset/clear pin(s) dbg_hub/inst/BSCANID.u_xsdbm_id/CORE_XSDB.UUT_MASTER/U_ICON_INTERFACE/U_CMD6_RD/U_RD_FIFO/SUBCORE_FIFO.xsdbm_v3_0_0_rdfifo_inst/inst_fifo_gen/gconvfifo.rf/grf.rf/rstblk/ngwrdrst.grst.g7serrst.wr_rst_reg_reg[0]/PRE,
dbg_hub/inst/BSCANID.u_xsdbm_id/CORE_XSDB.UUT_MASTER/U_ICON_INTERFACE/U_CMD6_RD/U_RD_FIFO/SUBCORE_FIFO.xsdbm_v3_0_0_rdfifo_inst/inst_fifo_gen/gconvfifo.rf/grf.rf/rstblk/ngwrdrst.grst.g7serrst.wr_rst_reg_reg[1]/PRE
dbg_hub/inst/BSCANID.u_xsdbm_id/CORE_XSDB.UUT_MASTER/U_ICON_INTERFACE/U_CMD6_RD/U_RD_FIFO/SUBCORE_FIFO.xsdbm_v3_0_0_rdfifo_inst/inst_fifo_gen/gconvfifo.rf/grf.rf/rstblk/ngwrdrst.grst.g7serrst.wr_rst_reg_reg[2]/PRE. The LUT may glitch and trigger an unexpected reset, even if it is a properly timed path.
Related violations: <none>

LUTAR-1#3 Warning
LUT drives async reset alert  
LUT cell dbg_hub/inst/BSCANID.u_xsdbm_id/CORE_XSDB.UUT_MASTER/U_ICON_INTERFACE/U_CMD6_WR/U_WR_FIFO/SUBCORE_FIFO.xsdbm_v3_0_0_wrfifo_inst/inst_fifo_gen/gconvfifo.rf/grf.rf/rstblk/ngwrdrst.grst.g7serrst.gwrrd_rst_sync_stage[2].rrst_inst/ngwrdrst.grst.g7serrst.rd_rst_reg[2]_i_1, with 2 or more inputs, drives asynchronous preset/clear pin(s) dbg_hub/inst/BSCANID.u_xsdbm_id/CORE_XSDB.UUT_MASTER/U_ICON_INTERFACE/U_CMD6_WR/U_WR_FIFO/SUBCORE_FIFO.xsdbm_v3_0_0_wrfifo_inst/inst_fifo_gen/gconvfifo.rf/grf.rf/rstblk/ngwrdrst.grst.g7serrst.rd_rst_reg_reg[0]/PRE,
dbg_hub/inst/BSCANID.u_xsdbm_id/CORE_XSDB.UUT_MASTER/U_ICON_INTERFACE/U_CMD6_WR/U_WR_FIFO/SUBCORE_FIFO.xsdbm_v3_0_0_wrfifo_inst/inst_fifo_gen/gconvfifo.rf/grf.rf/rstblk/ngwrdrst.grst.g7serrst.rd_rst_reg_reg[1]/PRE
dbg_hub/inst/BSCANID.u_xsdbm_id/CORE_XSDB.UUT_MASTER/U_ICON_INTERFACE/U_CMD6_WR/U_WR_FIFO/SUBCORE_FIFO.xsdbm_v3_0_0_wrfifo_inst/inst_fifo_gen/gconvfifo.rf/grf.rf/rstblk/ngwrdrst.grst.g7serrst.rd_rst_reg_reg[2]/PRE. The LUT may glitch and trigger an unexpected reset, even if it is a properly timed path.
Related violations: <none>

LUTAR-1#4 Warning
LUT drives async reset alert  
LUT cell dbg_hub/inst/BSCANID.u_xsdbm_id/CORE_XSDB.UUT_MASTER/U_ICON_INTERFACE/U_CMD6_WR/U_WR_FIFO/SUBCORE_FIFO.xsdbm_v3_0_0_wrfifo_inst/inst_fifo_gen/gconvfifo.rf/grf.rf/rstblk/ngwrdrst.grst.g7serrst.gwrrd_rst_sync_stage[2].wrst_inst/ngwrdrst.grst.g7serrst.wr_rst_reg[2]_i_1, with 2 or more inputs, drives asynchronous preset/clear pin(s) dbg_hub/inst/BSCANID.u_xsdbm_id/CORE_XSDB.UUT_MASTER/U_ICON_INTERFACE/U_CMD6_WR/U_WR_FIFO/SUBCORE_FIFO.xsdbm_v3_0_0_wrfifo_inst/inst_fifo_gen/gconvfifo.rf/grf.rf/rstblk/ngwrdrst.grst.g7serrst.wr_rst_reg_reg[0]/PRE,
dbg_hub/inst/BSCANID.u_xsdbm_id/CORE_XSDB.UUT_MASTER/U_ICON_INTERFACE/U_CMD6_WR/U_WR_FIFO/SUBCORE_FIFO.xsdbm_v3_0_0_wrfifo_inst/inst_fifo_gen/gconvfifo.rf/grf.rf/rstblk/ngwrdrst.grst.g7serrst.wr_rst_reg_reg[1]/PRE
dbg_hub/inst/BSCANID.u_xsdbm_id/CORE_XSDB.UUT_MASTER/U_ICON_INTERFACE/U_CMD6_WR/U_WR_FIFO/SUBCORE_FIFO.xsdbm_v3_0_0_wrfifo_inst/inst_fifo_gen/gconvfifo.rf/grf.rf/rstblk/ngwrdrst.grst.g7serrst.wr_rst_reg_reg[2]/PRE. The LUT may glitch and trigger an unexpected reset, even if it is a properly timed path.
Related violations: <none>

LUTAR-1#5 Warning
LUT drives async reset alert  
LUT cell design_1_i/OpenNas_Cascade_STER_0/inst/U_I2S_Stereo/U_i2s_interface/i_i2s_lr_i_1, with 2 or more inputs, drives asynchronous preset/clear pin(s) design_1_i/OpenNas_Cascade_STER_0/inst/U_I2S_Stereo/config_mem_reg[0][10]/CLR,
design_1_i/OpenNas_Cascade_STER_0/inst/U_I2S_Stereo/config_mem_reg[0][11]/CLR,
design_1_i/OpenNas_Cascade_STER_0/inst/U_I2S_Stereo/config_mem_reg[0][12]/CLR,
design_1_i/OpenNas_Cascade_STER_0/inst/U_I2S_Stereo/config_mem_reg[0][13]/CLR,
design_1_i/OpenNas_Cascade_STER_0/inst/U_I2S_Stereo/config_mem_reg[0][14]/CLR,
design_1_i/OpenNas_Cascade_STER_0/inst/U_I2S_Stereo/config_mem_reg[0][15]/CLR,
design_1_i/OpenNas_Cascade_STER_0/inst/U_I2S_Stereo/config_mem_reg[0][1]/PRE,
design_1_i/OpenNas_Cascade_STER_0/inst/U_I2S_Stereo/config_mem_reg[0][2]/PRE,
design_1_i/OpenNas_Cascade_STER_0/inst/U_I2S_Stereo/config_mem_reg[0][3]/PRE,
design_1_i/OpenNas_Cascade_STER_0/inst/U_I2S_Stereo/config_mem_reg[0][4]/CLR,
design_1_i/OpenNas_Cascade_STER_0/inst/U_I2S_Stereo/config_mem_reg[0][5]/CLR,
design_1_i/OpenNas_Cascade_STER_0/inst/U_I2S_Stereo/config_mem_reg[0][6]/CLR,
design_1_i/OpenNas_Cascade_STER_0/inst/U_I2S_Stereo/config_mem_reg[0][7]/CLR,
design_1_i/OpenNas_Cascade_STER_0/inst/U_I2S_Stereo/config_mem_reg[0][8]/CLR,
design_1_i/OpenNas_Cascade_STER_0/inst/U_I2S_Stereo/config_mem_reg[0][9]/CLR
 (the first 15 of 249 listed). The LUT may glitch and trigger an unexpected reset, even if it is a properly timed path.
Related violations: <none>

LUTAR-1#6 Warning
LUT drives async reset alert  
LUT cell design_1_i/OpenNas_Cascade_STER_0/inst/U_PDM2Spikes_Rigth/U_LPF1/U_LPF1/U_OUT_Div_out/pdm_clk_int_i_2__0, with 2 or more inputs, drives asynchronous preset/clear pin(s) design_1_i/OpenNas_Cascade_STER_0/inst/U_PDM2Spikes_Rigth/config_mem_reg[3][10]/CLR,
design_1_i/OpenNas_Cascade_STER_0/inst/U_PDM2Spikes_Rigth/config_mem_reg[3][11]/PRE,
design_1_i/OpenNas_Cascade_STER_0/inst/U_PDM2Spikes_Rigth/config_mem_reg[3][12]/PRE,
design_1_i/OpenNas_Cascade_STER_0/inst/U_PDM2Spikes_Rigth/config_mem_reg[3][13]/PRE,
design_1_i/OpenNas_Cascade_STER_0/inst/U_PDM2Spikes_Rigth/config_mem_reg[3][14]/CLR,
design_1_i/OpenNas_Cascade_STER_0/inst/U_PDM2Spikes_Rigth/config_mem_reg[3][15]/CLR,
design_1_i/OpenNas_Cascade_STER_0/inst/U_PDM2Spikes_Rigth/config_mem_reg[3][1]/CLR,
design_1_i/OpenNas_Cascade_STER_0/inst/U_PDM2Spikes_Rigth/config_mem_reg[3][2]/CLR,
design_1_i/OpenNas_Cascade_STER_0/inst/U_PDM2Spikes_Rigth/config_mem_reg[3][3]/PRE,
design_1_i/OpenNas_Cascade_STER_0/inst/U_PDM2Spikes_Rigth/config_mem_reg[3][4]/CLR,
design_1_i/OpenNas_Cascade_STER_0/inst/U_PDM2Spikes_Rigth/config_mem_reg[3][5]/CLR,
design_1_i/OpenNas_Cascade_STER_0/inst/U_PDM2Spikes_Rigth/config_mem_reg[3][6]/PRE,
design_1_i/OpenNas_Cascade_STER_0/inst/U_PDM2Spikes_Rigth/config_mem_reg[3][7]/PRE,
design_1_i/OpenNas_Cascade_STER_0/inst/U_PDM2Spikes_Rigth/config_mem_reg[3][8]/PRE,
design_1_i/OpenNas_Cascade_STER_0/inst/U_PDM2Spikes_Rigth/config_mem_reg[3][9]/CLR
 (the first 15 of 626 listed). The LUT may glitch and trigger an unexpected reset, even if it is a properly timed path.
Related violations: <none>

LUTAR-1#7 Warning
LUT drives async reset alert  
LUT cell design_1_i/OpenNas_Parallel_STE_0/inst/U_I2S_Stereo/U_i2s_interface/i_i2s_lr_i_1, with 2 or more inputs, drives asynchronous preset/clear pin(s) design_1_i/OpenNas_Parallel_STE_0/inst/U_I2S_Stereo/config_mem_reg[0][10]/CLR,
design_1_i/OpenNas_Parallel_STE_0/inst/U_I2S_Stereo/config_mem_reg[0][11]/CLR,
design_1_i/OpenNas_Parallel_STE_0/inst/U_I2S_Stereo/config_mem_reg[0][12]/CLR,
design_1_i/OpenNas_Parallel_STE_0/inst/U_I2S_Stereo/config_mem_reg[0][13]/CLR,
design_1_i/OpenNas_Parallel_STE_0/inst/U_I2S_Stereo/config_mem_reg[0][14]/CLR,
design_1_i/OpenNas_Parallel_STE_0/inst/U_I2S_Stereo/config_mem_reg[0][15]/CLR,
design_1_i/OpenNas_Parallel_STE_0/inst/U_I2S_Stereo/config_mem_reg[0][1]/PRE,
design_1_i/OpenNas_Parallel_STE_0/inst/U_I2S_Stereo/config_mem_reg[0][2]/PRE,
design_1_i/OpenNas_Parallel_STE_0/inst/U_I2S_Stereo/config_mem_reg[0][3]/PRE,
design_1_i/OpenNas_Parallel_STE_0/inst/U_I2S_Stereo/config_mem_reg[0][4]/CLR,
design_1_i/OpenNas_Parallel_STE_0/inst/U_I2S_Stereo/config_mem_reg[0][5]/CLR,
design_1_i/OpenNas_Parallel_STE_0/inst/U_I2S_Stereo/config_mem_reg[0][6]/CLR,
design_1_i/OpenNas_Parallel_STE_0/inst/U_I2S_Stereo/config_mem_reg[0][7]/CLR,
design_1_i/OpenNas_Parallel_STE_0/inst/U_I2S_Stereo/config_mem_reg[0][8]/CLR,
design_1_i/OpenNas_Parallel_STE_0/inst/U_I2S_Stereo/config_mem_reg[0][9]/CLR
 (the first 15 of 249 listed). The LUT may glitch and trigger an unexpected reset, even if it is a properly timed path.
Related violations: <none>

LUTAR-1#8 Warning
LUT drives async reset alert  
LUT cell design_1_i/OpenNas_Parallel_STE_0/inst/U_PDM2Spikes_Rigth/U_LPF1/U_LPF1/U_OUT_Div_out/pdm_clk_int_i_2__0, with 2 or more inputs, drives asynchronous preset/clear pin(s) design_1_i/OpenNas_Parallel_STE_0/inst/U_PDM2Spikes_Rigth/config_mem_reg[3][10]/CLR,
design_1_i/OpenNas_Parallel_STE_0/inst/U_PDM2Spikes_Rigth/config_mem_reg[3][11]/PRE,
design_1_i/OpenNas_Parallel_STE_0/inst/U_PDM2Spikes_Rigth/config_mem_reg[3][12]/PRE,
design_1_i/OpenNas_Parallel_STE_0/inst/U_PDM2Spikes_Rigth/config_mem_reg[3][13]/PRE,
design_1_i/OpenNas_Parallel_STE_0/inst/U_PDM2Spikes_Rigth/config_mem_reg[3][14]/CLR,
design_1_i/OpenNas_Parallel_STE_0/inst/U_PDM2Spikes_Rigth/config_mem_reg[3][15]/CLR,
design_1_i/OpenNas_Parallel_STE_0/inst/U_PDM2Spikes_Rigth/config_mem_reg[3][1]/CLR,
design_1_i/OpenNas_Parallel_STE_0/inst/U_PDM2Spikes_Rigth/config_mem_reg[3][2]/CLR,
design_1_i/OpenNas_Parallel_STE_0/inst/U_PDM2Spikes_Rigth/config_mem_reg[3][3]/PRE,
design_1_i/OpenNas_Parallel_STE_0/inst/U_PDM2Spikes_Rigth/config_mem_reg[3][4]/CLR,
design_1_i/OpenNas_Parallel_STE_0/inst/U_PDM2Spikes_Rigth/config_mem_reg[3][5]/CLR,
design_1_i/OpenNas_Parallel_STE_0/inst/U_PDM2Spikes_Rigth/config_mem_reg[3][6]/PRE,
design_1_i/OpenNas_Parallel_STE_0/inst/U_PDM2Spikes_Rigth/config_mem_reg[3][7]/PRE,
design_1_i/OpenNas_Parallel_STE_0/inst/U_PDM2Spikes_Rigth/config_mem_reg[3][8]/PRE,
design_1_i/OpenNas_Parallel_STE_0/inst/U_PDM2Spikes_Rigth/config_mem_reg[3][9]/CLR
 (the first 15 of 626 listed). The LUT may glitch and trigger an unexpected reset, even if it is a properly timed path.
Related violations: <none>

LUTAR-1#9 Warning
LUT drives async reset alert  
LUT cell design_1_i/okt_top_0/inst/cu_inst/okHI/core0/core0/l9ca09c625f64b90bed25f2b6c26f6e53[3]_i_2, with 2 or more inputs, drives asynchronous preset/clear pin(s) design_1_i/okt_top_0/inst/cu_inst/okHI/core0/core0/a0/l4f8cd1ab062f5571ff66db47e3d281bf_reg[2]/PRE,
design_1_i/okt_top_0/inst/cu_inst/okHI/core0/core0/a0/l4f8cd1ab062f5571ff66db47e3d281bf_reg[3]/PRE,
design_1_i/okt_top_0/inst/cu_inst/okHI/core0/core0/a0/l4f8cd1ab062f5571ff66db47e3d281bf_reg[4]/PRE,
design_1_i/okt_top_0/inst/cu_inst/okHI/core0/core0/a0/l4f8cd1ab062f5571ff66db47e3d281bf_reg[5]/PRE,
design_1_i/okt_top_0/inst/cu_inst/okHI/core0/core0/a0/l4f8cd1ab062f5571ff66db47e3d281bf_reg[6]/PRE,
design_1_i/okt_top_0/inst/cu_inst/okHI/core0/core0/a0/l4f8cd1ab062f5571ff66db47e3d281bf_reg[7]/PRE,
design_1_i/okt_top_0/inst/cu_inst/okHI/core0/core0/a0/l4f8cd1ab062f5571ff66db47e3d281bf_reg[8]/PRE,
design_1_i/okt_top_0/inst/cu_inst/okHI/core0/core0/a0/l4f8cd1ab062f5571ff66db47e3d281bf_reg[9]/CLR,
design_1_i/okt_top_0/inst/cu_inst/okHI/core0/core0/a0/l8733ba0cb25077d8c78e1b1549a80eef_reg/CLR,
design_1_i/okt_top_0/inst/cu_inst/okHI/core0/core0/a0/l90ce46b343647bab4d280b5afc506219_reg/CLR,
design_1_i/okt_top_0/inst/cu_inst/okHI/core0/core0/a0/l9ca09c625f64b90bed25f2b6c26f6e53_reg[0]/CLR,
design_1_i/okt_top_0/inst/cu_inst/okHI/core0/core0/a0/l9ca09c625f64b90bed25f2b6c26f6e53_reg[1]/CLR,
design_1_i/okt_top_0/inst/cu_inst/okHI/core0/core0/a0/l9ca09c625f64b90bed25f2b6c26f6e53_reg[2]/CLR,
design_1_i/okt_top_0/inst/cu_inst/okHI/core0/core0/a0/l9ca09c625f64b90bed25f2b6c26f6e53_reg[3]/CLR,
design_1_i/okt_top_0/inst/cu_inst/okHI/core0/core0/a0/le7badcf1256ff8aabbffe7a6a1b38b5f_reg_inv/PRE
 (the first 15 of 60 listed). The LUT may glitch and trigger an unexpected reset, even if it is a properly timed path.
Related violations: <none>

LUTAR-1#10 Warning
LUT drives async reset alert  
LUT cell design_1_i/okt_top_0/inst/ecu_inst/ecu_node_ack_n_reg_i_2, with 2 or more inputs, drives asynchronous preset/clear pin(s) design_1_i/okt_top_0/inst/osu_inst/ecu_node_ack_n_reg/CLR. The LUT may glitch and trigger an unexpected reset, even if it is a properly timed path.
Related violations: <none>

LUTAR-1#11 Warning
LUT drives async reset alert  
LUT cell design_1_i/okt_top_0/inst/osu_inst/ring_buffer/FSM_sequential_r_okt_control_state[1]_i_2, with 2 or more inputs, drives asynchronous preset/clear pin(s) design_1_i/okt_top_0/inst/port_c_data_latch_0_reg[5]/CLR,
design_1_i/okt_top_0/inst/port_c_data_latch_0_reg[6]/CLR,
design_1_i/okt_top_0/inst/port_c_data_latch_0_reg[7]/CLR,
design_1_i/okt_top_0/inst/port_c_data_latch_1_reg[0]/CLR,
design_1_i/okt_top_0/inst/port_c_data_latch_1_reg[1]/CLR,
design_1_i/okt_top_0/inst/port_c_data_latch_1_reg[2]/CLR,
design_1_i/okt_top_0/inst/port_c_data_latch_1_reg[3]/CLR,
design_1_i/okt_top_0/inst/port_c_data_latch_1_reg[4]/CLR,
design_1_i/okt_top_0/inst/port_c_data_latch_1_reg[5]/CLR,
design_1_i/okt_top_0/inst/port_c_data_latch_1_reg[6]/CLR,
design_1_i/okt_top_0/inst/port_c_data_latch_1_reg[7]/CLR,
design_1_i/okt_top_0/inst/port_c_req_latch_0_reg/PRE,
design_1_i/okt_top_0/inst/port_c_req_latch_1_reg/PRE,
design_1_i/okt_top_0/inst/rst_ext_n_latch_0_reg/PRE,
design_1_i/okt_top_0/inst/rst_ext_n_latch_1_reg/PRE
 (the first 15 of 142 listed). The LUT may glitch and trigger an unexpected reset, even if it is a properly timed path.
Related violations: <none>

PDRC-190#1 Warning
Suboptimally placed synchronized register chain  
The FDRE cell dbg_hub/inst/BSCANID.u_xsdbm_id/CORE_XSDB.UUT_MASTER/U_ICON_INTERFACE/U_CMD2/stat_reg_reg[0] in site SLICE_X38Y28 is part of a synchronized register chain that is suboptimally placed as the load FDRE cell dbg_hub/inst/BSCANID.u_xsdbm_id/CORE_XSDB.UUT_MASTER/U_ICON_INTERFACE/U_CMD2/stat_reg_1_reg[0] is not placed in the same (SLICE) site.
Related violations: <none>

PDRC-190#2 Warning
Suboptimally placed synchronized register chain  
The FDRE cell dbg_hub/inst/BSCANID.u_xsdbm_id/CORE_XSDB.UUT_MASTER/U_ICON_INTERFACE/U_CMD2/stat_reg_reg[1] in site SLICE_X39Y29 is part of a synchronized register chain that is suboptimally placed as the load FDRE cell dbg_hub/inst/BSCANID.u_xsdbm_id/CORE_XSDB.UUT_MASTER/U_ICON_INTERFACE/U_CMD2/stat_reg_1_reg[1] is not placed in the same (SLICE) site.
Related violations: <none>

PDRC-190#3 Warning
Suboptimally placed synchronized register chain  
The FDRE cell dbg_hub/inst/BSCANID.u_xsdbm_id/CORE_XSDB.UUT_MASTER/U_ICON_INTERFACE/U_CMD2/stat_reg_reg[2] in site SLICE_X40Y28 is part of a synchronized register chain that is suboptimally placed as the load FDRE cell dbg_hub/inst/BSCANID.u_xsdbm_id/CORE_XSDB.UUT_MASTER/U_ICON_INTERFACE/U_CMD2/stat_reg_1_reg[2] is not placed in the same (SLICE) site.
Related violations: <none>

PDRC-190#4 Warning
Suboptimally placed synchronized register chain  
The FDRE cell dbg_hub/inst/BSCANID.u_xsdbm_id/CORE_XSDB.UUT_MASTER/U_ICON_INTERFACE/U_CMD2/stat_reg_reg[3] in site SLICE_X41Y29 is part of a synchronized register chain that is suboptimally placed as the load FDRE cell dbg_hub/inst/BSCANID.u_xsdbm_id/CORE_XSDB.UUT_MASTER/U_ICON_INTERFACE/U_CMD2/stat_reg_1_reg[3] is not placed in the same (SLICE) site.
Related violations: <none>

PDRC-190#5 Warning
Suboptimally placed synchronized register chain  
The FDRE cell dbg_hub/inst/BSCANID.u_xsdbm_id/CORE_XSDB.UUT_MASTER/U_ICON_INTERFACE/U_CMD3/stat_reg_reg[0] in site SLICE_X39Y27 is part of a synchronized register chain that is suboptimally placed as the load FDRE cell dbg_hub/inst/BSCANID.u_xsdbm_id/CORE_XSDB.UUT_MASTER/U_ICON_INTERFACE/U_CMD3/stat_reg_1_reg[0] is not placed in the same (SLICE) site.
Related violations: <none>

PDRC-190#6 Warning
Suboptimally placed synchronized register chain  
The FDRE cell dbg_hub/inst/BSCANID.u_xsdbm_id/CORE_XSDB.UUT_MASTER/U_ICON_INTERFACE/U_CMD3/stat_reg_reg[1] in site SLICE_X37Y27 is part of a synchronized register chain that is suboptimally placed as the load FDRE cell dbg_hub/inst/BSCANID.u_xsdbm_id/CORE_XSDB.UUT_MASTER/U_ICON_INTERFACE/U_CMD3/stat_reg_1_reg[1] is not placed in the same (SLICE) site.
Related violations: <none>

PDRC-190#7 Warning
Suboptimally placed synchronized register chain  
The FDRE cell dbg_hub/inst/BSCANID.u_xsdbm_id/CORE_XSDB.UUT_MASTER/U_ICON_INTERFACE/U_CMD3/stat_reg_reg[2] in site SLICE_X41Y27 is part of a synchronized register chain that is suboptimally placed as the load FDRE cell dbg_hub/inst/BSCANID.u_xsdbm_id/CORE_XSDB.UUT_MASTER/U_ICON_INTERFACE/U_CMD3/stat_reg_1_reg[2] is not placed in the same (SLICE) site.
Related violations: <none>

PDRC-190#8 Warning
Suboptimally placed synchronized register chain  
The FDRE cell dbg_hub/inst/BSCANID.u_xsdbm_id/CORE_XSDB.UUT_MASTER/U_ICON_INTERFACE/U_CMD7_STAT/stat_reg_reg[0] in site SLICE_X38Y25 is part of a synchronized register chain that is suboptimally placed as the load FDRE cell dbg_hub/inst/BSCANID.u_xsdbm_id/CORE_XSDB.UUT_MASTER/U_ICON_INTERFACE/U_CMD7_STAT/stat_reg_1_reg[0] is not placed in the same (SLICE) site.
Related violations: <none>

PDRC-190#9 Warning
Suboptimally placed synchronized register chain  
The FDRE cell dbg_hub/inst/BSCANID.u_xsdbm_id/CORE_XSDB.UUT_MASTER/U_ICON_INTERFACE/U_CMD7_STAT/stat_reg_reg[1] in site SLICE_X40Y23 is part of a synchronized register chain that is suboptimally placed as the load FDRE cell dbg_hub/inst/BSCANID.u_xsdbm_id/CORE_XSDB.UUT_MASTER/U_ICON_INTERFACE/U_CMD7_STAT/stat_reg_1_reg[1] is not placed in the same (SLICE) site.
Related violations: <none>

PDRC-190#10 Warning
Suboptimally placed synchronized register chain  
The FDRE cell dbg_hub/inst/BSCANID.u_xsdbm_id/CORE_XSDB.UUT_MASTER/U_ICON_INTERFACE/U_CMD7_STAT/stat_reg_reg[2] in site SLICE_X41Y22 is part of a synchronized register chain that is suboptimally placed as the load FDRE cell dbg_hub/inst/BSCANID.u_xsdbm_id/CORE_XSDB.UUT_MASTER/U_ICON_INTERFACE/U_CMD7_STAT/stat_reg_1_reg[2] is not placed in the same (SLICE) site.
Related violations: <none>

TIMING-20#1 Warning
Non-clocked latch  
The latch design_1_i/okt_top_0/inst/cu_inst/status_reg[3] cannot be properly analyzed as its control pin design_1_i/okt_top_0/inst/cu_inst/status_reg[3]/G is not reached by a timing clock
Related violations: <none>

TIMING-20#2 Warning
Non-clocked latch  
The latch design_1_i/okt_top_0/inst/cu_inst/status_reg[4] cannot be properly analyzed as its control pin design_1_i/okt_top_0/inst/cu_inst/status_reg[4]/G is not reached by a timing clock
Related violations: <none>

TIMING-20#3 Warning
Non-clocked latch  
The latch design_1_i/okt_top_0/inst/cu_inst/status_reg[5] cannot be properly analyzed as its control pin design_1_i/okt_top_0/inst/cu_inst/status_reg[5]/G is not reached by a timing clock
Related violations: <none>

TIMING-20#4 Warning
Non-clocked latch  
The latch design_1_i/okt_top_0/inst/cu_inst/status_reg[6] cannot be properly analyzed as its control pin design_1_i/okt_top_0/inst/cu_inst/status_reg[6]/G is not reached by a timing clock
Related violations: <none>

TIMING-20#5 Warning
Non-clocked latch  
The latch design_1_i/okt_top_0/inst/cu_inst/status_reg[7] cannot be properly analyzed as its control pin design_1_i/okt_top_0/inst/cu_inst/status_reg[7]/G is not reached by a timing clock
Related violations: <none>

TIMING-20#6 Warning
Non-clocked latch  
The latch design_1_i/okt_top_0/inst/osu_inst/ecu_node_ack_n_reg cannot be properly analyzed as its control pin design_1_i/okt_top_0/inst/osu_inst/ecu_node_ack_n_reg/G is not reached by a timing clock
Related violations: <none>

ULMTCS-1#1 Warning
Control Sets use limits recommend reduction  
This design uses 3205 control sets (vs. available limit of 33650, determined by 1 control set per CLB). This exceeds the control set use guideline of 7.5 percent. This is at a level where reduction is RECOMMENDED (see UG949). Use report_control_sets to get more details.
Related violations: <none>

LATCH-1#1 Advisory
Existing latches in the design  
There are 6 latches found in the design. Inferred latches are often the result of HDL coding mistakes, such as incomplete if or case statements.
Related violations: <none>


